Time,Robot Mode,Loop Time,Error Status,Error Code,Error Source,Left Motor Output,Left Motor Encoder,Right Motor Output,Right Motor Encoder,Is Level,Is Stalled,Ball Detector Photoeye,Vision Enabled,Vision Teleop Control,Vision Auto Control,Vision Current State,Vision X Output,Vision NavX Error,Vision NavX Target,NavX Connection Status,NavX Displacement X,NavX Displacement Y,NavX Displacement Z,NavX Velocity X,NavX Velocity Y,NavX Velocity Z,NavX Acceleration X,NavX Acceleration Y,NavX Acceleration Z,NavX Pitch,NavX Yaw,NavX Roll,Gyro Angle,Roller Arm State,Roller Arm Actual,Roller Arm Desired,Shooter Arm State,Shooter Arm Actual,Shooter Arm Desired,Shooter State,Actual RPM Left,Desired RPM Left,Control Mode Left,Actual RPM Right,Desired RPM Right,Control Mode Right,Ball Shooter Cylinder,Ball Halo Cylinder,Scaler Motor Output,Scaler Solenoid Fire,Auto To Run,Auto Current File,Auto File Status,Auto Current Command,Auto Trimmed Command,Shooter Amps Left,Shooter Amps Right
02:35:21.707 PM 04/02/2016,Teleop Enabled,11,TRUE,-44087,NetComm_CAN_Receive.vi:5470001<APPEND>  <b>Complete call chain:</b>      NetComm_CAN_Receive.vi:5470001      WPI_CAN_PDPReceive.vi      WPI_Power Get PDP Currents.vi      Periodic Tasks.vi      Robot Main.vi,-0.000000,0.000000,-0.000000,0.000000,TRUE,FALSE,FALSE,FALSE,FALSE,FALSE,Disabled,0.000000,0.000000,0.000000,TRUE,1.497787,-0.924973,0.000000,0.000000,0.000000,0.000000,-0.001000,0.001000,0.009000,0.000000,-0.290000,-0.930000,-0.005160,ResetBack,0.946289,-0.000049,ResetBack,-1676.000000,-0.250000,Empty,0.000000,0.000000,Speed,0.000000,0.000000,Speed,Off,On,0.000000,FALSE,0,,,,,0.000000,0.000000
02:35:21.807 PM 04/02/2016,Teleop Enabled,11,TRUE,-44087,NetComm_CAN_Receive.vi:5470001<APPEND>  <b>Complete call chain:</b>      NetComm_CAN_Receive.vi:5470001      WPI_CAN_PDPReceive.vi      WPI_Power Get PDP Currents.vi      Periodic Tasks.vi      Robot Main.vi,-0.000000,0.000000,-0.000000,0.000000,TRUE,FALSE,FALSE,FALSE,FALSE,FALSE,Disabled,0.000000,0.000000,0.000000,TRUE,1.497849,-0.925262,0.000000,0.004318,-0.013000,0.000000,-0.019000,-0.003000,-0.005000,0.000000,-0.290000,-0.930000,0.001270,ResetBack,0.001953,-0.000049,ResetBack,-1377.000000,-0.250000,Empty,0.000000,0.000000,Speed,0.000000,0.000000,Speed,Off,On,0.000000,FALSE,0,,,,,0.000000,0.000000
02:35:21.907 PM 04/02/2016,Teleop Enabled,11,TRUE,-44087,NetComm_CAN_Receive.vi:5470001<APPEND>  <b>Complete call chain:</b>      NetComm_CAN_Receive.vi:5470001      WPI_CAN_PDPReceive.vi      WPI_Power Get PDP Currents.vi      Periodic Tasks.vi      Robot Main.vi,-0.000000,0.000000,-0.000000,0.000000,TRUE,FALSE,FALSE,FALSE,FALSE,FALSE,Disabled,0.000000,0.000000,0.000000,TRUE,1.497864,-0.925262,0.000000,0.000000,0.000000,0.000000,0.000000,0.010000,0.002000,0.000000,-0.300000,-0.920000,0.004775,ResetBack,-0.003174,-0.000049,ResetBack,-198.000000,-0.250000,Empty,0.000000,0.000000,Speed,0.000000,0.000000,Speed,Off,On,0.000000,FALSE,0,,,,,0.000000,0.000000
02:35:22.007 PM 04/02/2016,Teleop Enabled,11,TRUE,-44087,NetComm_CAN_Receive.vi:5470001<APPEND>  <b>Complete call chain:</b>      NetComm_CAN_Receive.vi:5470001      WPI_CAN_PDPReceive.vi      WPI_Power Get PDP Currents.vi      Periodic Tasks.vi      Robot Main.vi,-0.000000,0.000000,-0.000000,0.000000,TRUE,FALSE,FALSE,FALSE,FALSE,FALSE,Disabled,0.000000,0.000000,0.000000,TRUE,1.497864,-0.925262,0.000000,0.000000,0.000000,0.000000,0.000000,0.004000,0.009000,0.000000,-0.290000,-0.930000,0.000826,ResetBack,-0.003174,-0.000049,ResetBack,382.000000,-0.250000,Empty,0.000000,0.000000,Speed,0.000000,0.000000,Speed,Off,On,0.000000,FALSE,0,,,,,0.000000,0.000000
02:35:22.107 PM 04/02/2016,Teleop Enabled,10,TRUE,-44087,NetComm_CAN_Receive.vi:5470001<APPEND>  <b>Complete call chain:</b>      NetComm_CAN_Receive.vi:5470001      WPI_CAN_PDPReceive.vi      WPI_Power Get PDP Currents.vi      Periodic Tasks.vi      Robot Main.vi,-0.000000,0.000000,-0.000000,0.000000,TRUE,FALSE,FALSE,FALSE,FALSE,FALSE,Disabled,0.000000,0.000000,0.000000,TRUE,1.497864,-0.925262,0.000000,0.000000,0.000000,0.000000,0.000000,0.003000,0.012000,0.000000,-0.290000,-0.940000,-0.005894,Reset,-0.003662,0.000000,ResetBack,423.000000,-0.250000,Empty,0.000000,0.000000,Speed,0.000000,0.000000,Speed,Off,On,0.000000,FALSE,0,,,,,0.000000,0.000000
02:35:22.208 PM 04/02/2016,Teleop Enabled,11,TRUE,-44087,NetComm_CAN_Receive.vi:5470001<APPEND>  <b>Complete call chain:</b>      NetComm_CAN_Receive.vi:5470001      WPI_CAN_PDPReceive.vi      WPI_Power Get PDP Currents.vi      Periodic Tasks.vi      Robot Main.vi,-0.000000,0.000000,-0.000000,0.000000,TRUE,FALSE,FALSE,FALSE,FALSE,FALSE,Disabled,0.000000,0.000000,0.000000,TRUE,1.497864,-0.925262,0.000000,0.000000,0.000000,0.000000,0.002000,-0.003000,0.013000,0.000000,-0.290000,-0.940000,0.002179,Hold,0.877197,0.000000,ResetBack,423.000000,-0.250000,Empty,0.000000,0.000000,Speed,0.000000,0.000000,Speed,Off,On,0.000000,FALSE,0,,,,,0.000000,0.000000
02:35:22.308 PM 04/02/2016,Teleop Enabled,11,TRUE,-44087,NetComm_CAN_Receive.vi:5470001<APPEND>  <b>Complete call chain:</b>      NetComm_CAN_Receive.vi:5470001      WPI_CAN_PDPReceive.vi      WPI_Power Get PDP Currents.vi      Periodic Tasks.vi      Robot Main.vi,-0.000000,0.000000,-0.000000,0.000000,TRUE,FALSE,FALSE,FALSE,FALSE,FALSE,Disabled,0.000000,0.000000,0.000000,TRUE,1.497864,-0.925262,0.000000,0.000000,0.000000,0.000000,0.003000,-0.009000,0.020000,0.000000,-0.300000,-0.930000,0.002093,Hold,1.049072,0.000000,ResetBack,423.000000,-0.250000,Empty,0.000000,0.000000,Speed,0.000000,0.000000,Speed,Off,On,0.000000,FALSE,0,,,,,0.000000,0.000000
02:35:22.408 PM 04/02/2016,Teleop Enabled,11,TRUE,-44087,NetComm_CAN_Receive.vi:5470001<APPEND>  <b>Complete call chain:</b>      NetComm_CAN_Receive.vi:5470001      WPI_CAN_PDPReceive.vi      WPI_Power Get PDP Currents.vi      Periodic Tasks.vi      Robot Main.vi,-0.000000,0.000000,-0.000000,0.000000,TRUE,FALSE,FALSE,FALSE,FALSE,FALSE,Disabled,0.000000,0.000000,0.000000,TRUE,1.497864,-0.925262,0.000000,0.000000,0.000000,0.000000,-0.003000,0.003000,0.006000,0.000000,-0.300000,-0.930000,-0.007897,Hold,0.947998,0.000000,ResetBack,423.000000,-0.250000,Empty,0.000000,0.000000,Speed,0.000000,0.000000,Speed,Off,On,0.000000,FALSE,0,,,,,0.000000,0.000000
02:35:22.508 PM 04/02/2016,Teleop Enabled,11,TRUE,-44087,NetComm_CAN_Receive.vi:5470001<APPEND>  <b>Complete call chain:</b>      NetComm_CAN_Receive.vi:5470001      WPI_CAN_PDPReceive.vi      WPI_Power Get PDP Currents.vi      Periodic Tasks.vi      Robot Main.vi,-0.000000,0.000000,-0.000000,0.000000,TRUE,FALSE,FALSE,FALSE,FALSE,FALSE,Disabled,0.000000,0.000000,0.000000,TRUE,1.497864,-0.925262,0.000000,0.000000,0.000000,0.000000,-0.005000,0.003000,0.012000,0.000000,-0.300000,-0.920000,0.001666,Hold,0.947998,0.000000,ResetBack,423.000000,-0.250000,Empty,0.000000,0.000000,Speed,0.000000,0.000000,Speed,Off,On,0.000000,FALSE,0,,,,,0.000000,0.000000
02:35:22.608 PM 04/02/2016,Teleop Enabled,10,TRUE,-44087,NetComm_CAN_Receive.vi:5470001<APPEND>  <b>Complete call chain:</b>      NetComm_CAN_Receive.vi:5470001      WPI_CAN_PDPReceive.vi      WPI_Power Get PDP Currents.vi      Periodic Tasks.vi      Robot Main.vi,-0.000000,0.000000,-0.000000,0.000000,TRUE,FALSE,FALSE,FALSE,FALSE,FALSE,Disabled,0.000000,0.000000,0.000000,TRUE,1.497864,-0.925262,0.000000,0.000000,0.000000,0.000000,0.000000,0.000000,0.010000,0.000000,-0.290000,-0.940000,0.005412,Hold,0.947998,0.000000,ResetBack,423.000000,-0.250000,Empty,0.000000,0.000000,Speed,0.000000,0.000000,Speed,Off,On,0.000000,FALSE,0,,,,,0.000000,0.000000
02:35:22.708 PM 04/02/2016,Teleop Enabled,11,TRUE,-44087,NetComm_CAN_Receive.vi:5470001<APPEND>  <b>Complete call chain:</b>      NetComm_CAN_Receive.vi:5470001      WPI_CAN_PDPReceive.vi      WPI_Power Get PDP Currents.vi      Periodic Tasks.vi      Robot Main.vi,-0.000000,0.000000,-0.000000,0.000000,TRUE,FALSE,FALSE,FALSE,FALSE,FALSE,Disabled,0.000000,0.000000,0.000000,TRUE,1.497864,-0.925262,0.000000,0.000000,0.000000,0.000000,0.000000,-0.001000,0.004000,0.000000,-0.290000,-0.940000,0.012741,Hold,0.947998,0.000000,ResetBack,423.000000,-0.250000,Empty,0.000000,0.000000,Speed,0.000000,0.000000,Speed,Off,On,0.000000,FALSE,0,,,,,0.000000,0.000000
02:35:22.808 PM 04/02/2016,Teleop Enabled,10,TRUE,-44087,NetComm_CAN_Receive.vi:5470001<APPEND>  <b>Complete call chain:</b>      NetComm_CAN_Receive.vi:5470001      WPI_CAN_PDPReceive.vi      WPI_Power Get PDP Currents.vi      Periodic Tasks.vi      Robot Main.vi,-0.000000,0.000000,-0.000000,0.000000,TRUE,FALSE,FALSE,FALSE,FALSE,FALSE,Disabled,0.000000,0.000000,0.000000,TRUE,1.497864,-0.925262,0.000000,0.000000,0.000000,0.000000,-0.002000,-0.003000,0.008000,0.000000,-0.290000,-0.940000,0.011267,Hold,0.947998,0.000000,ResetBack,423.000000,-0.250000,Suck,0.000000,1818.181818,Speed,0.000000,1818.181818,Speed,Off,On,0.000000,FALSE,0,,,,,0.000000,0.000000
02:35:22.908 PM 04/02/2016,Teleop Enabled,11,TRUE,-44087,NetComm_CAN_Receive.vi:5470001<APPEND>  <b>Complete call chain:</b>      NetComm_CAN_Receive.vi:5470001      WPI_CAN_PDPReceive.vi      WPI_Power Get PDP Currents.vi      Periodic Tasks.vi      Robot Main.vi,-0.000000,0.000000,-0.000000,0.000000,TRUE,FALSE,FALSE,FALSE,FALSE,FALSE,Disabled,0.000000,0.000000,0.000000,TRUE,1.497864,-0.925262,0.000000,0.000000,0.000000,0.000000,0.013000,-0.014000,0.010000,0.000000,-0.290000,-0.940000,0.011980,Hold,0.947998,0.000000,ResetBack,423.000000,-0.250000,Suck,-37.500000,1818.181818,Speed,0.000000,1818.181818,Speed,Off,On,0.000000,FALSE,0,,,,,0.000000,0.000000
02:35:23.008 PM 04/02/2016,Teleop Enabled,11,TRUE,-44087,NetComm_CAN_Receive.vi:5470001<APPEND>  <b>Complete call chain:</b>      NetComm_CAN_Receive.vi:5470001      WPI_CAN_PDPReceive.vi      WPI_Power Get PDP Currents.vi      Periodic Tasks.vi      Robot Main.vi,-0.000000,0.000000,-0.000000,0.000000,TRUE,FALSE,FALSE,FALSE,FALSE,FALSE,Disabled,0.000000,0.000000,0.000000,TRUE,1.497879,-0.924713,0.000000,0.010269,0.020004,0.000000,0.000000,0.036000,0.030000,0.000000,-0.310000,-0.950000,0.018893,Hold,0.947998,0.000000,Reset,423.000000,2.000000,Suck,-472.500000,1818.181818,Speed,-22.500000,1818.181818,Speed,Off,On,0.000000,FALSE,0,,,,,0.000000,0.000000
02:35:23.108 PM 04/02/2016,Teleop Enabled,10,TRUE,-44087,NetComm_CAN_Receive.vi:5470001<APPEND>  <b>Complete call chain:</b>      NetComm_CAN_Receive.vi:5470001      WPI_CAN_PDPReceive.vi      WPI_Power Get PDP Currents.vi      Periodic Tasks.vi      Robot Main.vi,-0.000000,0.000000,-0.000000,0.000000,TRUE,FALSE,FALSE,FALSE,FALSE,FALSE,Disabled,0.000000,0.000000,0.000000,TRUE,1.498581,-0.923370,0.000000,0.019562,0.027466,0.000000,0.085000,0.025000,0.056000,0.000000,-0.310000,-0.970000,0.015268,Hold,0.947998,0.000000,Hold,-152.000000,2.000000,Suck,-930.000000,1818.181818,Speed,-97.500000,1818.181818,Speed,Off,On,0.000000,FALSE,0,,,,,0.000000,0.000000
02:35:23.208 PM 04/02/2016,Teleop Enabled,11,TRUE,-44087,NetComm_CAN_Receive.vi:5470001<APPEND>  <b>Complete call chain:</b>      NetComm_CAN_Receive.vi:5470001      WPI_CAN_PDPReceive.vi      WPI_Power Get PDP Currents.vi      Periodic Tasks.vi      Robot Main.vi,-0.000000,0.000000,-0.000000,0.000000,TRUE,FALSE,FALSE,FALSE,FALSE,FALSE,Disabled,0.000000,0.000000,0.000000,TRUE,1.501404,-0.920776,0.000000,0.070389,0.073990,0.000000,0.058000,-0.026000,0.073000,0.000000,-0.340000,-0.940000,0.020043,Hold,0.947998,0.000000,Hold,-153.000000,2.000000,Suck,-1335.000000,1818.181818,Speed,-240.000000,1818.181818,Speed,Off,On,0.000000,FALSE,0,,,,,0.000000,0.000000
02:35:23.309 PM 04/02/2016,Teleop Enabled,11,TRUE,-44087,NetComm_CAN_Receive.vi:5470001<APPEND>  <b>Complete call chain:</b>      NetComm_CAN_Receive.vi:5470001      WPI_CAN_PDPReceive.vi      WPI_Power Get PDP Currents.vi      Periodic Tasks.vi      Robot Main.vi,-0.000000,0.000000,-0.000000,0.000000,TRUE,FALSE,FALSE,FALSE,FALSE,FALSE,Disabled,0.000000,0.000000,0.000000,TRUE,1.504471,-0.916794,0.000000,0.044800,0.087830,0.000000,-0.075000,-0.032000,0.000000,0.000000,-0.340000,-0.960000,0.012593,Hold,0.947998,0.000000,Hold,-153.000000,2.000000,Suck,-1597.500000,1818.181818,Speed,-517.500000,1818.181818,Speed,Off,On,0.000000,FALSE,0,,,,,0.000000,0.000000
02:35:23.411 PM 04/02/2016,Teleop Enabled,9,TRUE,-44087,NetComm_CAN_Receive.vi:5470001<APPEND>  <b>Complete call chain:</b>      NetComm_CAN_Receive.vi:5470001      WPI_CAN_PDPReceive.vi      WPI_Power Get PDP Currents.vi      Periodic Tasks.vi      Robot Main.vi,-0.000000,0.000000,-0.000000,0.000000,TRUE,FALSE,FALSE,FALSE,FALSE,FALSE,Disabled,0.000000,0.000000,0.000000,TRUE,1.506058,-0.914719,0.000000,0.016586,0.034698,0.000000,-0.085000,0.081000,0.046000,0.000000,-0.390000,-0.920000,0.019609,Hold,0.947998,0.000000,Hold,-153.000000,2.000000,Suck,-1740.000000,1818.181818,Speed,-1132.500000,1818.181818,Speed,Off,On,0.000000,FALSE,0,,,,,0.000000,0.000000
02:35:23.512 PM 04/02/2016,Teleop Enabled,11,TRUE,-44087,NetComm_CAN_Receive.vi:5470001<APPEND>  <b>Complete call chain:</b>      NetComm_CAN_Receive.vi:5470001      WPI_CAN_PDPReceive.vi      WPI_Power Get PDP Currents.vi      Periodic Tasks.vi      Robot Main.vi,-0.000000,0.000000,-0.000000,0.000000,TRUE,FALSE,FALSE,FALSE,FALSE,FALSE,Disabled,0.000000,0.000000,0.000000,TRUE,1.505539,-0.909897,0.000000,-0.024124,0.155899,0.000000,-0.031000,0.311000,-0.009000,0.000000,-0.370000,-0.960000,0.007811,Hold,0.947998,0.000000,Hold,-153.000000,2.000000,Suck,-1740.000000,1818.181818,Speed,-1845.000000,1818.181818,Speed,Off,On,0.000000,FALSE,0,,,,,0.000000,0.000000
02:35:23.613 PM 04/02/2016,Teleop Enabled,9,TRUE,-44087,NetComm_CAN_Receive.vi:5470001<APPEND>  <b>Complete call chain:</b>      NetComm_CAN_Receive.vi:5470001      WPI_CAN_PDPReceive.vi      WPI_Power Get PDP Currents.vi      Periodic Tasks.vi      Robot Main.vi,-0.000000,0.000000,-0.000000,0.000000,TRUE,FALSE,FALSE,FALSE,FALSE,FALSE,Disabled,0.000000,0.000000,0.000000,TRUE,1.502182,-0.893799,0.000000,-0.074738,0.405991,0.000000,0.104000,-0.168000,-0.043000,0.000000,-0.420000,-0.860000,0.015254,Hold,0.947998,0.000000,Hold,-153.000000,2.000000,Suck,-1740.000000,1818.181818,Speed,-2265.000000,1818.181818,Speed,Off,On,0.000000,FALSE,0,,,,,0.000000,0.000000
02:35:23.713 PM 04/02/2016,Teleop Enabled,10,TRUE,-44087,NetComm_CAN_Receive.vi:5470001<APPEND>  <b>Complete call chain:</b>      NetComm_CAN_Receive.vi:5470001      WPI_CAN_PDPReceive.vi      WPI_Power Get PDP Currents.vi      Periodic Tasks.vi      Robot Main.vi,-0.000000,0.000000,-0.000000,0.000000,TRUE,FALSE,FALSE,FALSE,FALSE,FALSE,Disabled,0.000000,0.000000,0.000000,TRUE,1.500763,-0.880753,0.000000,0.000122,0.125809,0.000000,0.085000,-0.283000,0.108000,0.000000,-0.390000,-0.910000,0.033300,Hold,0.947998,0.000000,Hold,-153.000000,2.000000,Suck,-1747.500000,1818.181818,Speed,-2025.000000,1818.181818,Speed,Off,On,0.000000,FALSE,0,,,,,0.000000,0.000000
02:35:23.814 PM 04/02/2016,Teleop Enabled,10,TRUE,-44087,NetComm_CAN_Receive.vi:5470001<APPEND>  <b>Complete call chain:</b>      NetComm_CAN_Receive.vi:5470001      WPI_CAN_PDPReceive.vi      WPI_Power Get PDP Currents.vi      Periodic Tasks.vi      Robot Main.vi,-0.000000,0.000000,-0.000000,0.000000,TRUE,FALSE,FALSE,FALSE,FALSE,FALSE,Disabled,0.000000,0.000000,0.000000,TRUE,1.501053,-0.878494,0.000000,0.020569,0.000000,0.000000,0.057000,0.044000,0.073000,0.000000,-0.380000,-0.980000,0.039407,Hold,0.947998,0.000000,Hold,-153.000000,2.000000,Suck,-1755.000000,1818.181818,Speed,-1702.500000,1818.181818,Speed,Off,On,0.000000,FALSE,0,,,,,0.000000,0.000000
02:35:23.914 PM 04/02/2016,Teleop Enabled,9,TRUE,-44087,NetComm_CAN_Receive.vi:5470001<APPEND>  <b>Complete call chain:</b>      NetComm_CAN_Receive.vi:5470001      WPI_CAN_PDPReceive.vi      WPI_Power Get PDP Currents.vi      Periodic Tasks.vi      Robot Main.vi,-0.000000,0.000000,-0.000000,0.000000,TRUE,FALSE,FALSE,FALSE,FALSE,FALSE,Disabled,0.000000,0.000000,0.000000,TRUE,1.504028,-0.877579,0.000000,0.091049,0.022430,0.000000,-0.065000,0.028000,0.046000,0.000000,-0.360000,-0.980000,0.041380,Hold,0.947998,0.000000,Hold,-153.000000,2.000000,Suck,-1747.500000,1818.181818,Speed,-1597.500000,1818.181818,Speed,Off,On,0.000000,FALSE,0,,,,,0.000000,0.000000
02:35:24.016 PM 04/02/2016,Teleop Enabled,9,TRUE,-44087,NetComm_CAN_Receive.vi:5470001<APPEND>  <b>Complete call chain:</b>      NetComm_CAN_Receive.vi:5470001      WPI_CAN_PDPReceive.vi      WPI_Power Get PDP Currents.vi      Periodic Tasks.vi      Robot Main.vi,-0.000000,0.000000,-0.000000,0.000000,TRUE,FALSE,FALSE,FALSE,FALSE,FALSE,Disabled,0.000000,0.000000,0.000000,TRUE,1.508606,-0.875992,0.000000,0.106903,0.040009,0.000000,-0.067000,-0.011000,-0.057000,0.000000,-0.360000,-0.930000,0.047456,Hold,0.947998,0.000000,Hold,-153.000000,2.000000,Suck,-1740.000000,1818.181818,Speed,-1627.500000,1818.181818,Speed,Off,On,0.000000,FALSE,0,,,,,0.000000,0.000000
02:35:24.117 PM 04/02/2016,Teleop Enabled,9,TRUE,-44087,NetComm_CAN_Receive.vi:5470001<APPEND>  <b>Complete call chain:</b>      NetComm_CAN_Receive.vi:5470001      WPI_CAN_PDPReceive.vi      WPI_Power Get PDP Currents.vi      Periodic Tasks.vi      Robot Main.vi,-0.000000,0.000000,-0.000000,0.000000,TRUE,FALSE,FALSE,FALSE,FALSE,FALSE,Disabled,0.000000,0.000000,0.000000,TRUE,1.514694,-0.876968,0.000000,0.106033,-0.021667,0.000000,-0.038000,0.022000,-0.006000,-0.010000,-0.380000,-0.950000,0.048075,Hold,0.947998,0.000000,Hold,-153.000000,2.000000,Suck,-1732.500000,1818.181818,Speed,-1687.500000,1818.181818,Speed,Off,On,0.000000,FALSE,0,,,,,0.000000,0.000000
02:35:24.219 PM 04/02/2016,Teleop Enabled,8,TRUE,-44087,NetComm_CAN_Receive.vi:5470001<APPEND>  <b>Complete call chain:</b>      NetComm_CAN_Receive.vi:5470001      WPI_CAN_PDPReceive.vi      WPI_Power Get PDP Currents.vi      Periodic Tasks.vi      Robot Main.vi,-0.000000,0.000000,-0.000000,0.000000,TRUE,FALSE,FALSE,FALSE,FALSE,FALSE,Disabled,0.000000,0.000000,0.000000,TRUE,1.519363,-0.877640,0.000000,0.084274,-0.012283,0.000000,0.025000,0.002000,0.011000,-0.010000,-0.410000,-0.920000,0.051325,Hold,0.947998,0.000000,Hold,-153.000000,2.000000,Suck,-1740.000000,1818.181818,Speed,-1732.500000,1818.181818,Speed,Off,On,0.000000,FALSE,0,,,,,0.000000,0.000000
02:35:24.319 PM 04/02/2016,Teleop Enabled,9,TRUE,-44087,NetComm_CAN_Receive.vi:5470001<APPEND>  <b>Complete call chain:</b>      NetComm_CAN_Receive.vi:5470001      WPI_CAN_PDPReceive.vi      WPI_Power Get PDP Currents.vi      Periodic Tasks.vi      Robot Main.vi,-0.000000,0.000000,-0.000000,0.000000,TRUE,FALSE,FALSE,FALSE,FALSE,FALSE,Disabled,0.000000,0.000000,0.000000,TRUE,1.520950,-0.877869,0.000000,-0.014450,-0.008270,0.000000,0.099000,0.000000,0.035000,-0.010000,-0.400000,-0.930000,0.044306,Hold,0.947998,0.000000,Hold,-153.000000,2.000000,Suck,-1747.500000,1818.181818,Speed,-1710.000000,1818.181818,Speed,Off,On,0.000000,FALSE,0,,,,,0.000000,0.000000
02:35:24.420 PM 04/02/2016,Teleop Enabled,9,TRUE,-44087,NetComm_CAN_Receive.vi:5470001<APPEND>  <b>Complete call chain:</b>      NetComm_CAN_Receive.vi:5470001      WPI_CAN_PDPReceive.vi      WPI_Power Get PDP Currents.vi      Periodic Tasks.vi      Robot Main.vi,-0.000000,0.000000,-0.000000,0.000000,TRUE,FALSE,FALSE,FALSE,FALSE,FALSE,Disabled,0.000000,0.000000,0.000000,TRUE,1.520828,-0.878143,0.000000,0.004349,0.000000,0.000000,-0.092000,0.043000,0.072000,-0.010000,-0.390000,-0.950000,0.053046,Hold,0.947998,0.000000,Hold,-153.000000,2.000000,Suck,-1747.500000,1818.181818,Speed,-1687.500000,1818.181818,Speed,Off,On,0.000000,FALSE,0,,,,,0.000000,0.000000
02:35:24.522 PM 04/02/2016,Teleop Enabled,10,TRUE,-44087,NetComm_CAN_Receive.vi:5470001<APPEND>  <b>Complete call chain:</b>      NetComm_CAN_Receive.vi:5470001      WPI_CAN_PDPReceive.vi      WPI_Power Get PDP Currents.vi      Periodic Tasks.vi      Robot Main.vi,-0.000000,0.000000,-0.000000,0.000000,TRUE,FALSE,FALSE,FALSE,FALSE,FALSE,Disabled,0.000000,0.000000,0.000000,TRUE,1.520493,-0.877441,0.000000,0.006012,0.018585,0.000000,-0.029000,-0.030000,0.087000,-0.010000,-0.390000,-0.900000,0.044361,Hold,0.947998,0.000000,Hold,-153.000000,2.000000,Suck,-1747.500000,1818.181818,Speed,-1695.000000,1818.181818,Speed,Off,On,0.000000,FALSE,0,,,,,0.000000,0.000000
02:35:24.621 PM 04/02/2016,Teleop Enabled,10,TRUE,-44087,NetComm_CAN_Receive.vi:5470001<APPEND>  <b>Complete call chain:</b>      NetComm_CAN_Receive.vi:5470001      WPI_CAN_PDPReceive.vi      WPI_Power Get PDP Currents.vi      Periodic Tasks.vi      Robot Main.vi,-0.000000,0.000000,-0.000000,0.000000,TRUE,FALSE,FALSE,FALSE,FALSE,FALSE,Disabled,0.000000,0.000000,0.000000,TRUE,1.520554,-0.876038,0.000000,0.003235,0.034470,0.000000,-0.027000,-0.015000,0.050000,-0.010000,-0.390000,-0.900000,0.049153,Hold,0.947998,0.000000,Hold,-153.000000,2.000000,Suck,-1747.500000,1818.181818,Speed,-1702.500000,1818.181818,Speed,Off,On,0.000000,FALSE,0,,,,,0.000000,0.000000
02:35:24.722 PM 04/02/2016,Teleop Enabled,11,TRUE,-44087,NetComm_CAN_Receive.vi:5470001<APPEND>  <b>Complete call chain:</b>      NetComm_CAN_Receive.vi:5470001      WPI_CAN_PDPReceive.vi      WPI_Power Get PDP Currents.vi      Periodic Tasks.vi      Robot Main.vi,-0.000000,0.000000,-0.000000,0.000000,TRUE,FALSE,FALSE,FALSE,FALSE,FALSE,Disabled,0.000000,0.000000,0.000000,TRUE,1.519760,-0.876160,0.000000,-0.025970,-0.008148,0.000000,0.135000,0.045000,0.074000,-0.010000,-0.400000,-0.880000,0.047996,Hold,0.947998,0.000000,Hold,-153.000000,2.000000,Suck,-1747.500000,1818.181818,Speed,-1702.500000,1818.181818,Speed,Off,On,0.000000,FALSE,0,,,,,0.000000,0.000000
02:35:24.823 PM 04/02/2016,Teleop Enabled,7,TRUE,-44087,NetComm_CAN_Receive.vi:5470001<APPEND>  <b>Complete call chain:</b>      NetComm_CAN_Receive.vi:5470001      WPI_CAN_PDPReceive.vi      WPI_Power Get PDP Currents.vi      Periodic Tasks.vi      Robot Main.vi,-0.000000,0.000000,-0.000000,0.000000,TRUE,FALSE,FALSE,FALSE,FALSE,FALSE,Disabled,0.000000,0.000000,0.000000,TRUE,1.518570,-0.875671,0.000000,-0.049484,0.012604,0.000000,0.162000,-0.009000,0.102000,0.000000,-0.380000,-0.890000,0.042178,Hold,0.947998,0.000000,Hold,-153.000000,2.000000,Suck,-1747.500000,1818.181818,Speed,-1702.500000,1818.181818,Speed,Off,On,0.000000,FALSE,0,,,,,0.000000,0.000000
02:35:24.924 PM 04/02/2016,Teleop Enabled,11,TRUE,-44087,NetComm_CAN_Receive.vi:5470001<APPEND>  <b>Complete call chain:</b>      NetComm_CAN_Receive.vi:5470001      WPI_CAN_PDPReceive.vi      WPI_Power Get PDP Currents.vi      Periodic Tasks.vi      Robot Main.vi,-0.000000,0.000000,-0.000000,0.000000,TRUE,FALSE,FALSE,FALSE,FALSE,FALSE,Disabled,0.000000,0.000000,0.000000,TRUE,1.516922,-0.875031,0.000000,-0.037186,0.000061,0.000000,0.024000,0.057000,0.058000,0.000000,-0.380000,-0.830000,0.061505,Hold,0.947998,0.000000,Hold,-153.000000,2.000000,Suck,-1747.500000,1818.181818,Speed,-1695.000000,1818.181818,Speed,Off,On,0.000000,FALSE,0,,,,,0.000000,0.000000
02:35:25.025 PM 04/02/2016,Teleop Enabled,11,TRUE,-44087,NetComm_CAN_Receive.vi:5470001<APPEND>  <b>Complete call chain:</b>      NetComm_CAN_Receive.vi:5470001      WPI_CAN_PDPReceive.vi      WPI_Power Get PDP Currents.vi      Periodic Tasks.vi      Robot Main.vi,-0.000000,0.000000,-0.000000,0.000000,TRUE,FALSE,FALSE,FALSE,FALSE,FALSE,Disabled,0.000000,0.000000,0.000000,TRUE,1.516357,-0.874725,0.000000,-0.005386,-0.001144,0.000000,0.052000,-0.023000,0.055000,0.000000,-0.390000,-0.810000,0.064180,Hold,0.947998,0.000000,Hold,-153.000000,2.000000,Suck,-1740.000000,1818.181818,Speed,-1702.500000,1818.181818,Speed,Off,On,0.000000,FALSE,0,,,,,0.000000,0.000000
02:35:25.127 PM 04/02/2016,Teleop Enabled,10,TRUE,-44087,NetComm_CAN_Receive.vi:5470001<APPEND>  <b>Complete call chain:</b>      NetComm_CAN_Receive.vi:5470001      WPI_CAN_PDPReceive.vi      WPI_Power Get PDP Currents.vi      Periodic Tasks.vi      Robot Main.vi,-0.000000,0.000000,-0.000000,0.000000,TRUE,FALSE,FALSE,FALSE,FALSE,FALSE,Disabled,0.000000,0.000000,0.000000,TRUE,1.517197,-0.874527,0.000000,0.034149,0.000000,0.000000,0.005000,0.046000,0.131000,0.000000,-0.330000,-0.860000,0.059708,Hold,0.947998,0.000000,Hold,-153.000000,2.000000,Suck,-1732.500000,1818.181818,Speed,-1702.500000,1818.181818,Speed,Off,On,0.000000,FALSE,0,,,,,0.000000,0.000000
02:35:25.230 PM 04/02/2016,Teleop Enabled,9,TRUE,-44087,NetComm_CAN_Receive.vi:5470001<APPEND>  <b>Complete call chain:</b>      NetComm_CAN_Receive.vi:5470001      WPI_CAN_PDPReceive.vi      WPI_Power Get PDP Currents.vi      Periodic Tasks.vi      Robot Main.vi,-0.000000,0.000000,-0.000000,0.000000,TRUE,FALSE,FALSE,FALSE,FALSE,FALSE,Disabled,0.000000,0.000000,0.000000,TRUE,1.518372,-0.874634,0.000000,0.025040,-0.007462,0.000000,0.158000,0.024000,0.109000,0.000000,-0.320000,-0.830000,0.070407,Hold,0.947998,0.000000,Hold,-153.000000,2.000000,Suck,-1732.500000,1818.181818,Speed,-1710.000000,1818.181818,Speed,Off,On,0.000000,FALSE,0,,,,,0.000000,0.000000
02:35:25.329 PM 04/02/2016,Teleop Enabled,10,TRUE,-44087,NetComm_CAN_Receive.vi:5470001<APPEND>  <b>Complete call chain:</b>      NetComm_CAN_Receive.vi:5470001      WPI_CAN_PDPReceive.vi      WPI_Power Get PDP Currents.vi      Periodic Tasks.vi      Robot Main.vi,-0.000000,0.000000,-0.000000,0.000000,TRUE,FALSE,FALSE,FALSE,FALSE,FALSE,Disabled,0.000000,0.000000,0.000000,TRUE,1.520264,-0.875320,0.000000,0.046341,-0.016037,0.000000,0.107000,-0.031000,0.037000,0.000000,-0.310000,-0.870000,0.051480,Hold,0.947998,0.000000,Hold,-153.000000,2.000000,Suck,-1732.500000,1818.181818,Speed,-1710.000000,1818.181818,Speed,Off,On,0.000000,FALSE,0,,,,,0.000000,0.000000
02:35:25.432 PM 04/02/2016,Teleop Enabled,9,TRUE,-44087,NetComm_CAN_Receive.vi:5470001<APPEND>  <b>Complete call chain:</b>      NetComm_CAN_Receive.vi:5470001      WPI_CAN_PDPReceive.vi      WPI_Power Get PDP Currents.vi      Periodic Tasks.vi      Robot Main.vi,-0.000000,0.000000,-0.000000,0.000000,TRUE,FALSE,FALSE,FALSE,FALSE,FALSE,Disabled,0.000000,0.000000,0.000000,TRUE,1.523682,-0.876755,0.000000,0.066254,-0.035507,0.000000,0.087000,-0.046000,0.029000,0.000000,-0.300000,-0.890000,0.030876,Hold,0.947998,0.000000,Hold,-153.000000,2.000000,Suck,-1740.000000,1818.181818,Speed,-1710.000000,1818.181818,Speed,Off,On,0.000000,FALSE,0,,,,,0.000000,0.000000
02:35:25.533 PM 04/02/2016,Teleop Enabled,10,TRUE,-44087,NetComm_CAN_Receive.vi:5470001<APPEND>  <b>Complete call chain:</b>      NetComm_CAN_Receive.vi:5470001      WPI_CAN_PDPReceive.vi      WPI_Power Get PDP Currents.vi      Periodic Tasks.vi      Robot Main.vi,-0.000000,0.000000,-0.000000,0.000000,TRUE,FALSE,FALSE,FALSE,FALSE,FALSE,Disabled,0.000000,0.000000,0.000000,TRUE,1.527542,-0.879272,0.000000,0.058487,-0.047211,0.000000,0.103000,0.016000,0.078000,0.000000,-0.260000,-0.900000,0.030549,Hold,0.947998,0.000000,Hold,-153.000000,2.000000,Suck,-1747.500000,1818.181818,Speed,-1710.000000,1818.181818,Speed,Off,On,0.000000,FALSE,0,,,,,0.000000,0.000000
02:35:25.634 PM 04/02/2016,Teleop Enabled,10,TRUE,-44087,NetComm_CAN_Receive.vi:5470001<APPEND>  <b>Complete call chain:</b>      NetComm_CAN_Receive.vi:5470001      WPI_CAN_PDPReceive.vi      WPI_Power Get PDP Currents.vi      Periodic Tasks.vi      Robot Main.vi,-0.000000,0.000000,-0.000000,0.000000,TRUE,FALSE,FALSE,FALSE,FALSE,FALSE,Disabled,0.000000,0.000000,0.000000,TRUE,1.530228,-0.881271,0.000000,0.037872,-0.060562,0.000000,0.091000,-0.019000,-0.017000,0.000000,-0.250000,-0.940000,0.030587,Hold,0.947998,0.000000,Hold,-153.000000,2.000000,Suck,-1747.500000,1818.181818,Speed,-1710.000000,1818.181818,Speed,Off,On,0.000000,FALSE,0,,,,,0.000000,0.000000
02:35:25.735 PM 04/02/2016,Teleop Enabled,10,TRUE,-44087,NetComm_CAN_Receive.vi:5470001<APPEND>  <b>Complete call chain:</b>      NetComm_CAN_Receive.vi:5470001      WPI_CAN_PDPReceive.vi      WPI_Power Get PDP Currents.vi      Periodic Tasks.vi      Robot Main.vi,-0.000000,0.000000,-0.000000,0.000000,TRUE,FALSE,FALSE,FALSE,FALSE,FALSE,Disabled,0.000000,0.000000,0.000000,TRUE,1.530685,-0.884308,0.000000,-0.017853,-0.030533,0.000000,-0.109000,0.048000,-0.117000,0.000000,-0.280000,-0.920000,0.030670,Hold,0.947998,0.000000,Hold,-153.000000,2.000000,Suck,-1740.000000,1818.181818,Speed,-1695.000000,1818.181818,Speed,Off,On,0.000000,FALSE,0,,,,,0.000000,0.000000
02:35:25.837 PM 04/02/2016,Teleop Enabled,9,TRUE,-44087,NetComm_CAN_Receive.vi:5470001<APPEND>  <b>Complete call chain:</b>      NetComm_CAN_Receive.vi:5470001      WPI_CAN_PDPReceive.vi      WPI_Power Get PDP Currents.vi      Periodic Tasks.vi      Robot Main.vi,-0.000000,0.000000,-0.000000,0.000000,TRUE,FALSE,FALSE,FALSE,FALSE,FALSE,Disabled,0.000000,0.000000,0.000000,TRUE,1.528564,-0.885483,0.000000,-0.078903,-0.046082,0.000000,0.009000,0.040000,0.040000,0.000000,-0.290000,-0.920000,0.036784,Hold,0.947998,0.000000,Hold,-153.000000,2.000000,Suck,-1747.500000,1818.181818,Speed,-1657.500000,1818.181818,Speed,Off,On,0.000000,FALSE,0,,,,,0.000000,0.000000
02:35:25.938 PM 04/02/2016,Teleop Enabled,10,TRUE,-44087,NetComm_CAN_Receive.vi:5470001<APPEND>  <b>Complete call chain:</b>      NetComm_CAN_Receive.vi:5470001      WPI_CAN_PDPReceive.vi      WPI_Power Get PDP Currents.vi      Periodic Tasks.vi      Robot Main.vi,-0.000000,0.000000,-0.000000,0.000000,TRUE,FALSE,FALSE,FALSE,FALSE,FALSE,Disabled,0.000000,0.000000,0.000000,TRUE,1.524872,-0.886841,0.000000,-0.087463,0.000000,0.000000,-0.038000,0.018000,0.101000,0.000000,-0.310000,-0.890000,0.037400,Hold,0.947998,0.000000,Hold,-153.000000,2.000000,Suck,-1747.500000,1818.181818,Speed,-1672.500000,1818.181818,Speed,Off,On,0.000000,FALSE,0,,,,,0.000000,0.000000
02:35:26.038 PM 04/02/2016,Teleop Enabled,9,TRUE,-44087,NetComm_CAN_Receive.vi:5470001<APPEND>  <b>Complete call chain:</b>      NetComm_CAN_Receive.vi:5470001      WPI_CAN_PDPReceive.vi      WPI_Power Get PDP Currents.vi      Periodic Tasks.vi      Robot Main.vi,-0.000000,0.000000,-0.000000,0.000000,TRUE,FALSE,FALSE,FALSE,FALSE,FALSE,Disabled,0.000000,0.000000,0.000000,TRUE,1.519638,-0.886551,0.000000,-0.091141,0.021240,0.000000,0.143000,-0.002000,0.017000,0.000000,-0.360000,-0.840000,0.047803,Hold,0.947998,0.000000,Hold,-153.000000,2.000000,Suck,-1740.000000,1818.181818,Speed,-1710.000000,1818.181818,Speed,Off,On,0.000000,FALSE,0,,,,,0.000000,0.000000
02:35:26.139 PM 04/02/2016,Teleop Enabled,10,TRUE,-44087,NetComm_CAN_Receive.vi:5470001<APPEND>  <b>Complete call chain:</b>      NetComm_CAN_Receive.vi:5470001      WPI_CAN_PDPReceive.vi      WPI_Power Get PDP Currents.vi      Periodic Tasks.vi      Robot Main.vi,-0.000000,0.000000,-0.000000,0.000000,TRUE,FALSE,FALSE,FALSE,FALSE,FALSE,Disabled,0.000000,0.000000,0.000000,TRUE,1.515121,-0.885498,0.000000,-0.112793,0.024124,0.000000,0.182000,0.020000,0.032000,0.000000,-0.420000,-0.830000,0.045404,Hold,0.947998,0.000000,Hold,-153.000000,2.000000,Suck,-1747.500000,1818.181818,Speed,-1717.500000,1818.181818,Speed,Off,On,0.000000,FALSE,0,,,,,0.000000,0.000000
02:35:26.240 PM 04/02/2016,Teleop Enabled,10,TRUE,-44087,NetComm_CAN_Receive.vi:5470001<APPEND>  <b>Complete call chain:</b>      NetComm_CAN_Receive.vi:5470001      WPI_CAN_PDPReceive.vi      WPI_Power Get PDP Currents.vi      Periodic Tasks.vi      Robot Main.vi,-0.000000,0.000000,-0.000000,0.000000,TRUE,FALSE,FALSE,FALSE,FALSE,FALSE,Disabled,0.000000,0.000000,0.000000,TRUE,1.511002,-0.883804,0.000000,-0.091034,0.036407,0.000000,-0.059000,-0.028000,0.089000,0.000000,-0.390000,-0.830000,0.033059,Hold,0.947998,0.000000,Hold,-153.000000,2.000000,Suck,-1747.500000,1818.181818,Speed,-1710.000000,1818.181818,Speed,Off,On,0.000000,FALSE,0,,,,,0.000000,0.000000
02:35:26.342 PM 04/02/2016,Teleop Enabled,9,TRUE,-44087,NetComm_CAN_Receive.vi:5470001<APPEND>  <b>Complete call chain:</b>      NetComm_CAN_Receive.vi:5470001      WPI_CAN_PDPReceive.vi      WPI_Power Get PDP Currents.vi      Periodic Tasks.vi      Robot Main.vi,-0.000000,0.000000,-0.000000,0.000000,TRUE,FALSE,FALSE,FALSE,FALSE,FALSE,Disabled,0.000000,0.000000,0.000000,TRUE,1.509735,-0.882965,0.000000,0.003769,0.012970,0.000000,-0.133000,0.046000,0.003000,0.000000,-0.420000,-0.810000,0.028873,Hold,0.947998,0.000000,Hold,-153.000000,2.000000,Suck,-1747.500000,1818.181818,Speed,-1695.000000,1818.181818,Speed,Off,On,0.000000,FALSE,0,,,,,0.000000,0.000000
02:35:26.442 PM 04/02/2016,Teleop Enabled,10,TRUE,-44087,NetComm_CAN_Receive.vi:5470001<APPEND>  <b>Complete call chain:</b>      NetComm_CAN_Receive.vi:5470001      WPI_CAN_PDPReceive.vi      WPI_Power Get PDP Currents.vi      Periodic Tasks.vi      Robot Main.vi,-0.000000,0.000000,-0.000000,0.000000,TRUE,FALSE,FALSE,FALSE,FALSE,FALSE,Disabled,0.000000,0.000000,0.000000,TRUE,1.510666,-0.881790,0.000000,0.026413,0.000000,0.000000,0.002000,-0.029000,-0.034000,-0.010000,-0.370000,-0.840000,0.019709,Hold,0.947998,0.000000,Hold,-153.000000,2.000000,Suck,-1747.500000,1818.181818,Speed,-1695.000000,1818.181818,Speed,Off,On,0.000000,FALSE,0,,,,,0.000000,0.000000
02:35:26.542 PM 04/02/2016,Teleop Enabled,10,TRUE,-44087,NetComm_CAN_Receive.vi:5470001<APPEND>  <b>Complete call chain:</b>      NetComm_CAN_Receive.vi:5470001      WPI_CAN_PDPReceive.vi      WPI_Power Get PDP Currents.vi      Periodic Tasks.vi      Robot Main.vi,-0.000000,0.000000,-0.000000,0.000000,TRUE,FALSE,FALSE,FALSE,FALSE,FALSE,Disabled,0.000000,0.000000,0.000000,TRUE,1.511032,-0.881683,0.000000,-0.008926,0.003098,0.000000,0.066000,0.016000,-0.002000,-0.010000,-0.340000,-0.860000,0.012410,Hold,0.947998,0.000000,Hold,-153.000000,2.000000,Suck,-1740.000000,1818.181818,Speed,-1717.500000,1818.181818,Speed,Off,On,0.000000,FALSE,0,,,,,0.000000,0.000000
02:35:26.643 PM 04/02/2016,Teleop Enabled,9,TRUE,-44087,NetComm_CAN_Receive.vi:5470001<APPEND>  <b>Complete call chain:</b>      NetComm_CAN_Receive.vi:5470001      WPI_CAN_PDPReceive.vi      WPI_Power Get PDP Currents.vi      Periodic Tasks.vi      Robot Main.vi,-0.000000,0.000000,-0.000000,0.000000,TRUE,FALSE,FALSE,FALSE,FALSE,FALSE,Disabled,0.000000,0.000000,0.000000,TRUE,1.510681,-0.881592,0.000000,-0.009201,-0.004303,0.000000,0.066000,0.016000,-0.002000,0.000000,-0.370000,-0.820000,0.003632,Hold,0.947998,0.000000,Hold,-153.000000,2.000000,Suck,-1747.500000,1818.181818,Speed,-1732.500000,1818.181818,Speed,Off,On,0.000000,FALSE,0,,,,,0.000000,0.000000
02:35:26.743 PM 04/02/2016,Teleop Enabled,10,TRUE,-44087,NetComm_CAN_Receive.vi:5470001<APPEND>  <b>Complete call chain:</b>      NetComm_CAN_Receive.vi:5470001      WPI_CAN_PDPReceive.vi      WPI_Power Get PDP Currents.vi      Periodic Tasks.vi      Robot Main.vi,-0.000000,0.000000,-0.000000,0.000000,TRUE,FALSE,FALSE,FALSE,FALSE,FALSE,Disabled,0.000000,0.000000,0.000000,TRUE,1.510681,-0.883652,0.000000,0.000137,-0.057922,0.000000,0.091000,-0.080000,-0.013000,0.000000,-0.350000,-0.840000,0.007030,Hold,0.947998,0.000000,Hold,-153.000000,2.000000,Suck,-1747.500000,1818.181818,Speed,-1725.000000,1818.181818,Speed,Off,On,0.000000,FALSE,0,,,,,0.000000,0.000000
02:35:26.844 PM 04/02/2016,Teleop Enabled,11,TRUE,-44087,NetComm_CAN_Receive.vi:5470001<APPEND>  <b>Complete call chain:</b>      NetComm_CAN_Receive.vi:5470001      WPI_CAN_PDPReceive.vi      WPI_Power Get PDP Currents.vi      Periodic Tasks.vi      Robot Main.vi,-0.000000,0.000000,-0.000000,0.000000,TRUE,FALSE,FALSE,FALSE,FALSE,FALSE,Disabled,0.000000,0.000000,0.000000,TRUE,1.511810,-0.887390,0.000000,0.035034,-0.081100,0.000000,-0.089000,-0.089000,-0.148000,0.000000,-0.330000,-0.870000,0.016920,Hold,0.947998,0.000000,Hold,-153.000000,2.000000,Suck,-1747.500000,1818.181818,Speed,-1672.500000,1818.181818,Speed,Off,On,0.000000,FALSE,0,,,,,0.000000,0.000000
02:35:26.943 PM 04/02/2016,Teleop Enabled,9,TRUE,-44087,NetComm_CAN_Receive.vi:5470001<APPEND>  <b>Complete call chain:</b>      NetComm_CAN_Receive.vi:5470001      WPI_CAN_PDPReceive.vi      WPI_Power Get PDP Currents.vi      Periodic Tasks.vi      Robot Main.vi,-0.000000,0.000000,-0.000000,0.000000,TRUE,FALSE,FALSE,FALSE,FALSE,FALSE,Disabled,0.000000,0.000000,0.000000,TRUE,1.512741,-0.891159,0.000000,0.031555,-0.099167,0.000000,0.002000,0.011000,-0.045000,0.000000,-0.300000,-0.910000,0.001504,Hold,0.947998,0.000000,Hold,-153.000000,2.000000,Suck,-1747.500000,1818.181818,Speed,-1672.500000,1818.181818,Speed,Off,On,0.000000,FALSE,0,,,,,0.000000,0.000000
02:35:27.045 PM 04/02/2016,Teleop Enabled,10,TRUE,-44087,NetComm_CAN_Receive.vi:5470001<APPEND>  <b>Complete call chain:</b>      NetComm_CAN_Receive.vi:5470001      WPI_CAN_PDPReceive.vi      WPI_Power Get PDP Currents.vi      Periodic Tasks.vi      Robot Main.vi,-0.000000,0.000000,-0.000000,0.000000,TRUE,FALSE,FALSE,FALSE,FALSE,FALSE,Disabled,0.000000,0.000000,0.000000,TRUE,1.514694,-0.891464,0.000000,0.040985,0.000000,0.000000,-0.066000,0.000000,-0.029000,-0.010000,-0.300000,-0.940000,0.005735,Hold,0.947998,0.000000,Hold,-153.000000,2.000000,Suck,-1740.000000,1818.181818,Speed,-1702.500000,1818.181818,Speed,Off,On,0.000000,FALSE,0,,,,,0.000000,0.000000
02:35:27.146 PM 04/02/2016,Teleop Enabled,10,TRUE,-44087,NetComm_CAN_Receive.vi:5470001<APPEND>  <b>Complete call chain:</b>      NetComm_CAN_Receive.vi:5470001      WPI_CAN_PDPReceive.vi      WPI_Power Get PDP Currents.vi      Periodic Tasks.vi      Robot Main.vi,-0.000000,0.000000,-0.000000,0.000000,TRUE,FALSE,FALSE,FALSE,FALSE,FALSE,Disabled,0.000000,0.000000,0.000000,TRUE,1.515930,-0.891495,0.000000,0.024658,-0.001953,0.000000,-0.005000,0.022000,-0.021000,-0.010000,-0.300000,-0.950000,0.000788,Hold,0.947998,0.000000,Hold,-153.000000,2.000000,Suck,-1747.500000,1818.181818,Speed,-1740.000000,1818.181818,Speed,Off,On,0.000000,FALSE,0,,,,,0.000000,0.000000
02:35:27.247 PM 04/02/2016,Teleop Enabled,13,TRUE,-44087,NetComm_CAN_Receive.vi:5470001<APPEND>  <b>Complete call chain:</b>      NetComm_CAN_Receive.vi:5470001      WPI_CAN_PDPReceive.vi      WPI_Power Get PDP Currents.vi      Periodic Tasks.vi      Robot Main.vi,-0.000000,0.000000,-0.000000,0.000000,TRUE,FALSE,FALSE,FALSE,FALSE,FALSE,Disabled,0.000000,0.000000,0.000000,TRUE,1.515671,-0.891083,0.000000,-0.028229,-0.006165,0.000000,-0.005000,0.022000,-0.021000,-0.010000,-0.310000,-0.960000,0.018614,Hold,0.947998,0.000000,Hold,-153.000000,2.000000,Suck,-1747.500000,1818.181818,Speed,-1747.500000,1818.181818,Speed,Off,On,0.000000,FALSE,0,,,,,0.000000,0.000000
02:35:27.348 PM 04/02/2016,Teleop Enabled,11,TRUE,-44087,NetComm_CAN_Receive.vi:5470001<APPEND>  <b>Complete call chain:</b>      NetComm_CAN_Receive.vi:5470001      WPI_CAN_PDPReceive.vi      WPI_Power Get PDP Currents.vi      Periodic Tasks.vi      Robot Main.vi,-0.000000,0.000000,-0.000000,0.000000,TRUE,FALSE,FALSE,FALSE,FALSE,FALSE,Disabled,0.000000,0.000000,0.000000,TRUE,1.515350,-0.891556,0.000000,-0.006363,-0.018845,0.000000,0.060000,0.004000,-0.011000,-0.010000,-0.290000,-0.990000,0.008476,Hold,0.947998,0.000000,Hold,-153.000000,2.000000,Suck,-1755.000000,1818.181818,Speed,-1710.000000,1818.181818,Speed,Off,On,0.000000,FALSE,0,,,,,0.000000,0.000000
02:35:27.449 PM 04/02/2016,Teleop Enabled,10,TRUE,-44087,NetComm_CAN_Receive.vi:5470001<APPEND>  <b>Complete call chain:</b>      NetComm_CAN_Receive.vi:5470001      WPI_CAN_PDPReceive.vi      WPI_Power Get PDP Currents.vi      Periodic Tasks.vi      Robot Main.vi,-0.000000,0.000000,-0.000000,0.000000,TRUE,FALSE,FALSE,FALSE,FALSE,FALSE,Disabled,0.000000,0.000000,0.000000,TRUE,1.516251,-0.892288,0.000000,0.030319,-0.016953,0.000000,-0.004000,0.015000,-0.037000,-0.010000,-0.290000,-0.990000,0.018827,Hold,0.947998,0.000000,Hold,-153.000000,2.000000,Suck,-1755.000000,1818.181818,Speed,-1710.000000,1818.181818,Speed,Off,On,0.000000,FALSE,0,,,,,0.000000,0.000000
02:35:27.550 PM 04/02/2016,Teleop Enabled,10,TRUE,-44087,NetComm_CAN_Receive.vi:5470001<APPEND>  <b>Complete call chain:</b>      NetComm_CAN_Receive.vi:5470001      WPI_CAN_PDPReceive.vi      WPI_Power Get PDP Currents.vi      Periodic Tasks.vi      Robot Main.vi,-0.000000,0.000000,-0.000000,0.000000,TRUE,FALSE,FALSE,FALSE,FALSE,FALSE,Disabled,0.000000,0.000000,0.000000,TRUE,1.518372,-0.893494,0.000000,0.037415,-0.027863,0.000000,0.049000,-0.031000,0.000000,-0.010000,-0.300000,-1.010000,0.019691,Hold,0.947998,0.000000,Hold,-153.000000,2.000000,Suck,-1747.500000,1818.181818,Speed,-1717.500000,1818.181818,Speed,Off,On,0.000000,FALSE,0,,,,,0.000000,0.000000
02:35:27.649 PM 04/02/2016,Teleop Enabled,10,TRUE,-44087,NetComm_CAN_Receive.vi:5470001<APPEND>  <b>Complete call chain:</b>      NetComm_CAN_Receive.vi:5470001      WPI_CAN_PDPReceive.vi      WPI_Power Get PDP Currents.vi      Periodic Tasks.vi      Robot Main.vi,-0.000000,0.000000,-0.000000,0.000000,TRUE,FALSE,FALSE,FALSE,FALSE,FALSE,Disabled,0.000000,0.000000,0.000000,TRUE,1.521011,-0.895462,0.000000,0.034760,-0.033203,0.000000,0.031000,-0.022000,-0.020000,-0.020000,-0.300000,-0.980000,0.018266,Hold,0.947998,0.000000,Hold,-153.000000,2.000000,Suck,-1747.500000,1818.181818,Speed,-1717.500000,1818.181818,Speed,Off,On,0.000000,FALSE,0,,,,,0.000000,0.000000
02:35:27.749 PM 04/02/2016,Teleop Enabled,11,TRUE,-44087,NetComm_CAN_Receive.vi:5470001<APPEND>  <b>Complete call chain:</b>      NetComm_CAN_Receive.vi:5470001      WPI_CAN_PDPReceive.vi      WPI_Power Get PDP Currents.vi      Periodic Tasks.vi      Robot Main.vi,-0.000000,0.000000,-0.000000,0.000000,TRUE,FALSE,FALSE,FALSE,FALSE,FALSE,Disabled,0.000000,0.000000,0.000000,TRUE,1.523239,-0.895737,0.000000,0.046631,-0.012970,0.000000,0.100000,0.045000,0.057000,-0.020000,-0.290000,-0.970000,0.022418,Hold,0.947998,0.000000,Hold,-153.000000,2.000000,Suck,-1747.500000,1818.181818,Speed,-1725.000000,1818.181818,Speed,Off,On,0.000000,FALSE,0,,,,,0.000000,0.000000
02:35:27.850 PM 04/02/2016,Teleop Enabled,10,TRUE,-44087,NetComm_CAN_Receive.vi:5470001<APPEND>  <b>Complete call chain:</b>      NetComm_CAN_Receive.vi:5470001      WPI_CAN_PDPReceive.vi      WPI_Power Get PDP Currents.vi      Periodic Tasks.vi      Robot Main.vi,-0.000000,0.000000,-0.000000,0.000000,TRUE,FALSE,FALSE,FALSE,FALSE,FALSE,Disabled,0.000000,0.000000,0.000000,TRUE,1.523239,-0.895737,0.000000,0.046631,-0.012970,0.000000,0.100000,0.045000,0.057000,-0.020000,-0.290000,-0.970000,0.019230,Hold,0.947998,0.000000,Hold,-153.000000,2.000000,Suck,-1747.500000,1818.181818,Speed,-1725.000000,1818.181818,Speed,Off,On,0.000000,FALSE,0,,,,,0.000000,0.000000
02:35:27.952 PM 04/02/2016,Teleop Enabled,9,TRUE,-44087,NetComm_CAN_Receive.vi:5470001<APPEND>  <b>Complete call chain:</b>      NetComm_CAN_Receive.vi:5470001      WPI_CAN_PDPReceive.vi      WPI_Power Get PDP Currents.vi      Periodic Tasks.vi      Robot Main.vi,-0.000000,0.000000,-0.000000,0.000000,TRUE,FALSE,FALSE,FALSE,FALSE,FALSE,Disabled,0.000000,0.000000,0.000000,TRUE,1.528061,-0.894058,0.000000,0.065674,0.030807,0.000000,0.100000,0.045000,0.057000,-0.020000,-0.290000,-0.970000,0.019230,Hold,0.947998,0.000000,Hold,-153.000000,2.000000,Suck,-1747.500000,1818.181818,Speed,-1710.000000,1818.181818,Speed,Off,On,0.000000,FALSE,0,,,,,0.000000,0.000000
02:35:28.052 PM 04/02/2016,Teleop Enabled,10,TRUE,-44087,NetComm_CAN_Receive.vi:5470001<APPEND>  <b>Complete call chain:</b>      NetComm_CAN_Receive.vi:5470001      WPI_CAN_PDPReceive.vi      WPI_Power Get PDP Currents.vi      Periodic Tasks.vi      Robot Main.vi,-0.000000,0.000000,-0.000000,0.000000,TRUE,FALSE,FALSE,FALSE,FALSE,FALSE,Disabled,0.000000,0.000000,0.000000,TRUE,1.530884,-0.892319,0.000000,0.070602,0.039337,0.000000,-0.084000,0.011000,0.033000,-0.010000,-0.330000,-0.930000,0.010410,Hold,0.947998,0.000000,Hold,-153.000000,2.000000,Suck,-1740.000000,1818.181818,Speed,-1717.500000,1818.181818,Speed,Off,On,0.000000,FALSE,0,,,,,0.000000,0.000000
02:35:28.153 PM 04/02/2016,Teleop Enabled,5,TRUE,-44087,NetComm_CAN_Receive.vi:5470001<APPEND>  <b>Complete call chain:</b>      NetComm_CAN_Receive.vi:5470001      WPI_CAN_PDPReceive.vi      WPI_Power Get PDP Currents.vi      Periodic Tasks.vi      Robot Main.vi,-0.000000,0.000000,-0.000000,0.000000,TRUE,FALSE,FALSE,FALSE,FALSE,FALSE,Disabled,0.000000,0.000000,0.000000,TRUE,1.533905,-0.889847,0.000000,0.067017,0.052155,0.000000,0.005000,-0.026000,0.063000,-0.010000,-0.330000,-0.910000,0.010159,Hold,0.947998,0.000000,Hold,-153.000000,2.000000,Suck,-1732.500000,1818.181818,Speed,-1702.500000,1818.181818,Speed,Off,On,0.000000,FALSE,0,,,,,0.000000,0.000000
02:35:28.252 PM 04/02/2016,Teleop Enabled,10,TRUE,-44087,NetComm_CAN_Receive.vi:5470001<APPEND>  <b>Complete call chain:</b>      NetComm_CAN_Receive.vi:5470001      WPI_CAN_PDPReceive.vi      WPI_Power Get PDP Currents.vi      Periodic Tasks.vi      Robot Main.vi,-0.000000,0.000000,-0.000000,0.000000,TRUE,FALSE,FALSE,FALSE,FALSE,FALSE,Disabled,0.000000,0.000000,0.000000,TRUE,1.535995,-0.887375,0.000000,0.068695,0.077484,0.000000,0.128000,-0.006000,0.123000,-0.020000,-0.380000,-0.880000,0.009901,Hold,0.947998,0.000000,Hold,-153.000000,2.000000,Suck,-1725.000000,1818.181818,Speed,-1695.000000,1818.181818,Speed,Off,On,0.000000,FALSE,0,,,,,0.000000,0.000000
02:35:28.353 PM 04/02/2016,Teleop Enabled,11,TRUE,-44087,NetComm_CAN_Receive.vi:5470001<APPEND>  <b>Complete call chain:</b>      NetComm_CAN_Receive.vi:5470001      WPI_CAN_PDPReceive.vi      WPI_Power Get PDP Currents.vi      Periodic Tasks.vi      Robot Main.vi,-0.000000,0.000000,-0.000000,0.000000,TRUE,FALSE,FALSE,FALSE,FALSE,FALSE,Disabled,0.000000,0.000000,0.000000,TRUE,1.539795,-0.885803,0.000000,0.000000,-0.005722,0.000000,0.010000,-0.024000,0.090000,-0.010000,-0.330000,-0.910000,0.019819,Hold,0.947998,0.000000,Hold,-153.000000,2.000000,Suck,-1710.000000,1818.181818,Speed,-1702.500000,1818.181818,Speed,Off,On,0.000000,FALSE,0,,,,,0.000000,0.000000
02:35:28.453 PM 04/02/2016,Teleop Enabled,9,TRUE,-44087,NetComm_CAN_Receive.vi:5470001<APPEND>  <b>Complete call chain:</b>      NetComm_CAN_Receive.vi:5470001      WPI_CAN_PDPReceive.vi      WPI_Power Get PDP Currents.vi      Periodic Tasks.vi      Robot Main.vi,-0.000000,0.000000,-0.000000,0.000000,TRUE,FALSE,FALSE,FALSE,FALSE,FALSE,Disabled,0.000000,0.000000,0.000000,TRUE,1.540436,-0.885986,0.000000,0.010605,-0.005661,0.000000,-0.003000,0.009000,0.035000,-0.010000,-0.290000,-0.940000,0.006503,Hold,0.947998,0.000000,Hold,-153.000000,2.000000,Suck,-1687.500000,1818.181818,Speed,-1695.000000,1818.181818,Speed,Off,On,0.000000,FALSE,0,,,,,0.000000,0.000000
02:35:28.554 PM 04/02/2016,Teleop Enabled,10,TRUE,-44087,NetComm_CAN_Receive.vi:5470001<APPEND>  <b>Complete call chain:</b>      NetComm_CAN_Receive.vi:5470001      WPI_CAN_PDPReceive.vi      WPI_Power Get PDP Currents.vi      Periodic Tasks.vi      Robot Main.vi,-0.000000,0.000000,-0.000000,0.000000,TRUE,FALSE,FALSE,FALSE,FALSE,FALSE,Disabled,0.000000,0.000000,0.000000,TRUE,1.541946,-0.885132,0.000000,0.043396,0.000000,0.000000,-0.039000,0.004000,0.085000,-0.020000,-0.320000,-0.890000,0.011057,Hold,0.947998,0.000000,Hold,-153.000000,2.000000,Suck,-1695.000000,1818.181818,Speed,-1695.000000,1818.181818,Speed,Off,On,0.000000,FALSE,0,,,,,0.000000,0.000000
02:35:28.654 PM 04/02/2016,Teleop Enabled,9,TRUE,-44087,NetComm_CAN_Receive.vi:5470001<APPEND>  <b>Complete call chain:</b>      NetComm_CAN_Receive.vi:5470001      WPI_CAN_PDPReceive.vi      WPI_Power Get PDP Currents.vi      Periodic Tasks.vi      Robot Main.vi,-0.000000,0.000000,-0.000000,0.000000,TRUE,FALSE,FALSE,FALSE,FALSE,FALSE,Disabled,0.000000,0.000000,0.000000,TRUE,1.543289,-0.885468,0.000000,0.020691,-0.014252,0.000000,-0.063000,0.005000,-0.026000,-0.020000,-0.330000,-0.910000,0.014765,Hold,0.947998,0.000000,Hold,-153.000000,2.000000,Suck,-1710.000000,1818.181818,Speed,-1695.000000,1818.181818,Speed,Off,On,0.000000,FALSE,0,,,,,0.000000,0.000000
02:35:28.756 PM 04/02/2016,Teleop Enabled,9,TRUE,-44087,NetComm_CAN_Receive.vi:5470001<APPEND>  <b>Complete call chain:</b>      NetComm_CAN_Receive.vi:5470001      WPI_CAN_PDPReceive.vi      WPI_Power Get PDP Currents.vi      Periodic Tasks.vi      Robot Main.vi,-0.000000,0.000000,-0.000000,0.000000,TRUE,FALSE,FALSE,FALSE,FALSE,FALSE,Disabled,0.000000,0.000000,0.000000,TRUE,1.542953,-0.885925,0.000000,-0.017929,-0.026672,0.000000,-0.003000,-0.073000,-0.021000,-0.020000,-0.300000,-0.910000,0.021172,Hold,0.947998,0.000000,Hold,-153.000000,2.000000,Suck,-1725.000000,1818.181818,Speed,-1695.000000,1818.181818,Speed,Off,On,0.000000,FALSE,0,,,,,0.000000,0.000000
02:35:28.855 PM 04/02/2016,Teleop Enabled,10,TRUE,-44087,NetComm_CAN_Receive.vi:5470001<APPEND>  <b>Complete call chain:</b>      NetComm_CAN_Receive.vi:5470001      WPI_CAN_PDPReceive.vi      WPI_Power Get PDP Currents.vi      Periodic Tasks.vi      Robot Main.vi,-0.000000,0.000000,-0.000000,0.000000,TRUE,FALSE,FALSE,FALSE,FALSE,FALSE,Disabled,0.000000,0.000000,0.000000,TRUE,1.541336,-0.887695,0.000000,-0.055008,-0.033051,0.000000,0.108000,0.042000,0.056000,-0.020000,-0.320000,-0.950000,0.017836,Hold,0.947998,0.000000,Hold,-153.000000,2.000000,Suck,-1725.000000,1818.181818,Speed,-1695.000000,1818.181818,Speed,Off,On,0.000000,FALSE,0,,,,,0.000000,0.000000
02:35:28.959 PM 04/02/2016,Teleop Enabled,10,TRUE,-44087,NetComm_CAN_Receive.vi:5470001<APPEND>  <b>Complete call chain:</b>      NetComm_CAN_Receive.vi:5470001      WPI_CAN_PDPReceive.vi      WPI_Power Get PDP Currents.vi      Periodic Tasks.vi      Robot Main.vi,-0.000000,0.000000,-0.000000,0.000000,TRUE,FALSE,FALSE,FALSE,FALSE,FALSE,Disabled,0.000000,0.000000,0.000000,TRUE,1.539124,-0.888443,0.000000,-0.061234,0.000000,0.000000,-0.036000,0.033000,-0.062000,-0.020000,-0.260000,-0.940000,0.020456,Hold,0.947998,0.000000,Hold,-153.000000,2.000000,Suck,-1732.500000,1818.181818,Speed,-1695.000000,1818.181818,Speed,Off,On,0.000000,FALSE,0,,,,,0.000000,0.000000
02:35:29.059 PM 04/02/2016,Teleop Enabled,10,TRUE,-44087,NetComm_CAN_Receive.vi:5470001<APPEND>  <b>Complete call chain:</b>      NetComm_CAN_Receive.vi:5470001      WPI_CAN_PDPReceive.vi      WPI_Power Get PDP Currents.vi      Periodic Tasks.vi      Robot Main.vi,-0.000000,0.000000,-0.000000,0.000000,TRUE,FALSE,FALSE,FALSE,FALSE,FALSE,Disabled,0.000000,0.000000,0.000000,TRUE,1.536209,-0.888519,0.000000,-0.060577,-0.000443,0.000000,0.041000,0.089000,0.061000,-0.030000,-0.310000,-0.920000,0.032797,Hold,0.947998,0.000000,Hold,-153.000000,2.000000,Suck,-1732.500000,1818.181818,Speed,-1710.000000,1818.181818,Speed,Off,On,0.000000,FALSE,0,,,,,0.000000,0.000000
02:35:29.159 PM 04/02/2016,Teleop Enabled,11,TRUE,-44087,NetComm_CAN_Receive.vi:5470001<APPEND>  <b>Complete call chain:</b>      NetComm_CAN_Receive.vi:5470001      WPI_CAN_PDPReceive.vi      WPI_Power Get PDP Currents.vi      Periodic Tasks.vi      Robot Main.vi,-0.000000,0.000000,-0.000000,0.000000,TRUE,FALSE,FALSE,FALSE,FALSE,FALSE,Disabled,0.000000,0.000000,0.000000,TRUE,1.534134,-0.887817,0.000000,-0.031403,0.000000,0.000000,0.097000,0.043000,0.038000,-0.030000,-0.330000,-0.930000,0.032925,Hold,0.947998,0.000000,Hold,-153.000000,2.000000,Suck,-1725.000000,1818.181818,Speed,-1710.000000,1818.181818,Speed,Off,On,0.000000,FALSE,0,,,,,0.000000,0.000000
02:35:29.261 PM 04/02/2016,Teleop Enabled,10,TRUE,-44087,NetComm_CAN_Receive.vi:5470001<APPEND>  <b>Complete call chain:</b>      NetComm_CAN_Receive.vi:5470001      WPI_CAN_PDPReceive.vi      WPI_Power Get PDP Currents.vi      Periodic Tasks.vi      Robot Main.vi,-0.000000,0.000000,-0.000000,0.000000,TRUE,FALSE,FALSE,FALSE,FALSE,FALSE,Disabled,0.000000,0.000000,0.000000,TRUE,1.533829,-0.887466,0.000000,0.011124,0.007706,0.000000,0.016000,-0.035000,0.083000,-0.030000,-0.290000,-0.930000,0.019024,Hold,0.947998,0.000000,Hold,-153.000000,2.000000,Suck,-1702.500000,1818.181818,Speed,-1710.000000,1818.181818,Speed,Off,On,0.000000,FALSE,0,,,,,0.000000,0.000000
02:35:29.363 PM 04/02/2016,Teleop Enabled,11,TRUE,-44087,NetComm_CAN_Receive.vi:5470001<APPEND>  <b>Complete call chain:</b>      NetComm_CAN_Receive.vi:5470001      WPI_CAN_PDPReceive.vi      WPI_Power Get PDP Currents.vi      Periodic Tasks.vi      Robot Main.vi,-0.000000,0.000000,-0.000000,0.000000,TRUE,FALSE,FALSE,FALSE,FALSE,FALSE,Disabled,0.000000,0.000000,0.000000,TRUE,1.534988,-0.886993,0.000000,0.015060,0.013000,0.000000,-0.004000,-0.016000,0.052000,-0.030000,-0.290000,-0.960000,0.022804,Hold,0.947998,0.000000,Hold,-153.000000,2.000000,Suck,-1702.500000,1818.181818,Speed,-1702.500000,1818.181818,Speed,Off,On,0.000000,FALSE,0,,,,,0.000000,0.000000
02:35:29.462 PM 04/02/2016,Teleop Enabled,11,TRUE,-44087,NetComm_CAN_Receive.vi:5470001<APPEND>  <b>Complete call chain:</b>      NetComm_CAN_Receive.vi:5470001      WPI_CAN_PDPReceive.vi      WPI_Power Get PDP Currents.vi      Periodic Tasks.vi      Robot Main.vi,-0.000000,0.000000,-0.000000,0.000000,TRUE,FALSE,FALSE,FALSE,FALSE,FALSE,Disabled,0.000000,0.000000,0.000000,TRUE,1.534927,-0.886978,0.000000,-0.011261,-0.000519,0.000000,0.027000,0.023000,0.000000,-0.030000,-0.340000,-0.930000,0.011075,Hold,0.947998,0.000000,Hold,-153.000000,2.000000,Suck,-1695.000000,1818.181818,Speed,-1717.500000,1818.181818,Speed,Off,On,0.000000,FALSE,0,,,,,0.000000,0.000000
02:35:29.562 PM 04/02/2016,Teleop Enabled,11,TRUE,-44087,NetComm_CAN_Receive.vi:5470001<APPEND>  <b>Complete call chain:</b>      NetComm_CAN_Receive.vi:5470001      WPI_CAN_PDPReceive.vi      WPI_Power Get PDP Currents.vi      Periodic Tasks.vi      Robot Main.vi,-0.000000,0.000000,-0.000000,0.000000,TRUE,FALSE,FALSE,FALSE,FALSE,FALSE,Disabled,0.000000,0.000000,0.000000,TRUE,1.533554,-0.886795,0.000000,-0.056137,-0.009720,0.000000,0.036000,-0.002000,0.008000,-0.030000,-0.360000,-0.910000,0.023406,Hold,0.947998,0.000000,Hold,-153.000000,2.000000,Suck,-1710.000000,1818.181818,Speed,-1725.000000,1818.181818,Speed,Off,On,0.000000,FALSE,0,,,,,0.000000,0.000000
02:35:29.662 PM 04/02/2016,Teleop Enabled,11,TRUE,-44087,NetComm_CAN_Receive.vi:5470001<APPEND>  <b>Complete call chain:</b>      NetComm_CAN_Receive.vi:5470001      WPI_CAN_PDPReceive.vi      WPI_Power Get PDP Currents.vi      Periodic Tasks.vi      Robot Main.vi,-0.000000,0.000000,-0.000000,0.000000,TRUE,FALSE,FALSE,FALSE,FALSE,FALSE,Disabled,0.000000,0.000000,0.000000,TRUE,1.531616,-0.887329,0.000000,-0.029434,-0.020111,0.000000,-0.008000,0.054000,-0.009000,-0.030000,-0.390000,-0.920000,0.016986,Hold,0.947998,0.000000,Hold,-153.000000,2.000000,Suck,-1717.500000,1818.181818,Speed,-1695.000000,1818.181818,Speed,Off,On,0.000000,FALSE,0,,,,,0.000000,0.000000
02:35:29.762 PM 04/02/2016,Teleop Enabled,10,TRUE,-44087,NetComm_CAN_Receive.vi:5470001<APPEND>  <b>Complete call chain:</b>      NetComm_CAN_Receive.vi:5470001      WPI_CAN_PDPReceive.vi      WPI_Power Get PDP Currents.vi      Periodic Tasks.vi      Robot Main.vi,-0.000000,0.000000,-0.000000,0.000000,TRUE,FALSE,FALSE,FALSE,FALSE,FALSE,Disabled,0.000000,0.000000,0.000000,TRUE,1.529587,-0.888123,0.000000,-0.030350,-0.007446,0.000000,0.074000,0.034000,0.064000,-0.040000,-0.390000,-0.890000,0.017006,Hold,0.947998,0.000000,Hold,-153.000000,2.000000,Suck,-1710.000000,1818.181818,Speed,-1695.000000,1818.181818,Speed,Off,On,0.000000,FALSE,0,,,,,0.000000,0.000000
02:35:29.862 PM 04/02/2016,Teleop Enabled,10,TRUE,-44087,NetComm_CAN_Receive.vi:5470001<APPEND>  <b>Complete call chain:</b>      NetComm_CAN_Receive.vi:5470001      WPI_CAN_PDPReceive.vi      WPI_Power Get PDP Currents.vi      Periodic Tasks.vi      Robot Main.vi,-0.000000,0.000000,-0.000000,0.000000,TRUE,FALSE,FALSE,FALSE,FALSE,FALSE,Disabled,0.000000,0.000000,0.000000,TRUE,1.528473,-0.888153,0.000000,-0.019028,0.005966,0.000000,-0.017000,-0.059000,-0.107000,-0.040000,-0.340000,-0.910000,0.037128,Hold,0.947998,0.000000,Hold,-153.000000,2.000000,Suck,-1710.000000,1818.181818,Speed,-1717.500000,1818.181818,Speed,Off,On,0.000000,FALSE,0,,,,,0.000000,0.000000
02:35:29.963 PM 04/02/2016,Teleop Enabled,9,TRUE,-44087,NetComm_CAN_Receive.vi:5470001<APPEND>  <b>Complete call chain:</b>      NetComm_CAN_Receive.vi:5470001      WPI_CAN_PDPReceive.vi      WPI_Power Get PDP Currents.vi      Periodic Tasks.vi      Robot Main.vi,-0.000000,0.000000,-0.000000,0.000000,TRUE,FALSE,FALSE,FALSE,FALSE,FALSE,Disabled,0.000000,0.000000,0.000000,TRUE,1.525665,-0.887711,0.000000,-0.055252,0.011307,0.000000,-0.098000,-0.060000,0.000000,-0.040000,-0.290000,-0.920000,0.049084,Hold,0.947998,0.000000,Hold,-153.000000,2.000000,Suck,-1695.000000,1818.181818,Speed,-1717.500000,1818.181818,Speed,Off,On,0.000000,FALSE,0,,,,,0.000000,0.000000
02:35:30.062 PM 04/02/2016,Teleop Enabled,11,TRUE,-44087,NetComm_CAN_Receive.vi:5470001<APPEND>  <b>Complete call chain:</b>      NetComm_CAN_Receive.vi:5470001      WPI_CAN_PDPReceive.vi      WPI_Power Get PDP Currents.vi      Periodic Tasks.vi      Robot Main.vi,-0.000000,0.000000,-0.000000,0.000000,TRUE,FALSE,FALSE,FALSE,FALSE,FALSE,Disabled,0.000000,0.000000,0.000000,TRUE,1.523483,-0.887711,0.000000,-0.020065,0.005936,0.000000,-0.141000,-0.027000,0.008000,-0.030000,-0.270000,-0.940000,0.031689,Hold,0.947998,0.000000,Hold,-153.000000,2.000000,Suck,-1695.000000,1818.181818,Speed,-1710.000000,1818.181818,Speed,Off,On,0.000000,FALSE,0,,,,,0.000000,0.000000
02:35:30.164 PM 04/02/2016,Teleop Enabled,10,TRUE,-44087,NetComm_CAN_Receive.vi:5470001<APPEND>  <b>Complete call chain:</b>      NetComm_CAN_Receive.vi:5470001      WPI_CAN_PDPReceive.vi      WPI_Power Get PDP Currents.vi      Periodic Tasks.vi      Robot Main.vi,-0.000000,0.000000,-0.000000,0.000000,TRUE,FALSE,FALSE,FALSE,FALSE,FALSE,Disabled,0.000000,0.000000,0.000000,TRUE,1.522415,-0.887695,0.000000,-0.005112,0.001007,0.000000,-0.001000,0.065000,0.038000,-0.040000,-0.270000,-0.930000,0.043438,Hold,0.947998,0.000000,Hold,-153.000000,2.000000,Suck,-1702.500000,1818.181818,Speed,-1717.500000,1818.181818,Speed,Off,On,0.000000,FALSE,0,,,,,0.000000,0.000000
02:35:30.264 PM 04/02/2016,Teleop Enabled,11,TRUE,-44087,NetComm_CAN_Receive.vi:5470001<APPEND>  <b>Complete call chain:</b>      NetComm_CAN_Receive.vi:5470001      WPI_CAN_PDPReceive.vi      WPI_Power Get PDP Currents.vi      Periodic Tasks.vi      Robot Main.vi,-0.000000,0.000000,-0.000000,0.000000,TRUE,FALSE,FALSE,FALSE,FALSE,FALSE,Disabled,0.000000,0.000000,0.000000,TRUE,1.522079,-0.887131,0.000000,0.006393,0.014114,0.000000,-0.067000,0.019000,-0.099000,-0.040000,-0.320000,-0.890000,0.048337,Hold,0.947998,0.000000,Hold,-153.000000,2.000000,Suck,-1702.500000,1818.181818,Speed,-1710.000000,1818.181818,Speed,Off,On,0.000000,FALSE,0,,,,,0.000000,0.000000
02:35:30.364 PM 04/02/2016,Teleop Enabled,10,TRUE,-44087,NetComm_CAN_Receive.vi:5470001<APPEND>  <b>Complete call chain:</b>      NetComm_CAN_Receive.vi:5470001      WPI_CAN_PDPReceive.vi      WPI_Power Get PDP Currents.vi      Periodic Tasks.vi      Robot Main.vi,-0.000000,0.000000,-0.000000,0.000000,TRUE,FALSE,FALSE,FALSE,FALSE,FALSE,Disabled,0.000000,0.000000,0.000000,TRUE,1.522064,-0.885895,0.000000,-0.001358,0.045044,0.000000,0.075000,0.058000,0.065000,-0.040000,-0.320000,-0.940000,0.056809,Hold,0.947998,0.000000,Hold,-153.000000,2.000000,Suck,-1702.500000,1818.181818,Speed,-1687.500000,1818.181818,Speed,Off,On,0.000000,FALSE,0,,,,,0.000000,0.000000
02:35:30.464 PM 04/02/2016,Teleop Enabled,11,TRUE,-44087,NetComm_CAN_Receive.vi:5470001<APPEND>  <b>Complete call chain:</b>      NetComm_CAN_Receive.vi:5470001      WPI_CAN_PDPReceive.vi      WPI_Power Get PDP Currents.vi      Periodic Tasks.vi      Robot Main.vi,-0.000000,0.000000,-0.000000,0.000000,TRUE,FALSE,FALSE,FALSE,FALSE,FALSE,Disabled,0.000000,0.000000,0.000000,TRUE,1.523560,-0.882385,0.000000,0.039795,0.083237,0.000000,0.025000,0.108000,0.005000,-0.040000,-0.360000,-0.870000,0.062217,Hold,0.947998,0.000000,Hold,-153.000000,2.000000,Suck,-1695.000000,1818.181818,Speed,-1672.500000,1818.181818,Speed,Off,On,0.000000,FALSE,0,,,,,0.000000,0.000000
02:35:30.567 PM 04/02/2016,Teleop Enabled,11,TRUE,-44087,NetComm_CAN_Receive.vi:5470001<APPEND>  <b>Complete call chain:</b>      NetComm_CAN_Receive.vi:5470001      WPI_CAN_PDPReceive.vi      WPI_Power Get PDP Currents.vi      Periodic Tasks.vi      Robot Main.vi,-0.000000,0.000000,-0.000000,0.000000,TRUE,FALSE,FALSE,FALSE,FALSE,FALSE,Disabled,0.000000,0.000000,0.000000,TRUE,1.526260,-0.875931,0.000000,0.044693,0.100021,0.000000,0.030000,-0.009000,0.046000,-0.040000,-0.340000,-0.890000,0.062059,Hold,0.947998,0.000000,Hold,-153.000000,2.000000,Suck,-1695.000000,1818.181818,Speed,-1695.000000,1818.181818,Speed,Off,On,0.000000,FALSE,0,,,,,0.000000,0.000000
02:35:30.667 PM 04/02/2016,Teleop Enabled,11,TRUE,-44087,NetComm_CAN_Receive.vi:5470001<APPEND>  <b>Complete call chain:</b>      NetComm_CAN_Receive.vi:5470001      WPI_CAN_PDPReceive.vi      WPI_Power Get PDP Currents.vi      Periodic Tasks.vi      Robot Main.vi,-0.000000,0.000000,-0.000000,0.000000,TRUE,FALSE,FALSE,FALSE,FALSE,FALSE,Disabled,0.000000,0.000000,0.000000,TRUE,1.528290,-0.870270,0.000000,0.031921,0.115707,0.000000,-0.113000,0.029000,-0.010000,-0.040000,-0.350000,-0.890000,0.063171,Hold,0.947998,0.000000,Hold,-153.000000,2.000000,Suck,-1702.500000,1818.181818,Speed,-1710.000000,1818.181818,Speed,Off,On,0.000000,FALSE,0,,,,,0.000000,0.000000
02:35:30.767 PM 04/02/2016,Teleop Enabled,11,TRUE,-44087,NetComm_CAN_Receive.vi:5470001<APPEND>  <b>Complete call chain:</b>      NetComm_CAN_Receive.vi:5470001      WPI_CAN_PDPReceive.vi      WPI_Power Get PDP Currents.vi      Periodic Tasks.vi      Robot Main.vi,-0.000000,0.000000,-0.000000,0.000000,TRUE,FALSE,FALSE,FALSE,FALSE,FALSE,Disabled,0.000000,0.000000,0.000000,TRUE,1.529297,-0.866623,0.000000,0.041153,0.000000,0.000000,0.038000,-0.005000,-0.090000,-0.040000,-0.400000,-0.870000,0.073457,Hold,0.947998,0.000000,Hold,-153.000000,2.000000,Suck,-1732.500000,1818.181818,Speed,-1702.500000,1818.181818,Speed,Off,On,0.000000,FALSE,0,,,,,0.000000,0.000000
02:35:30.868 PM 04/02/2016,Teleop Enabled,11,TRUE,-44087,NetComm_CAN_Receive.vi:5470001<APPEND>  <b>Complete call chain:</b>      NetComm_CAN_Receive.vi:5470001      WPI_CAN_PDPReceive.vi      WPI_Power Get PDP Currents.vi      Periodic Tasks.vi      Robot Main.vi,-0.000000,0.000000,-0.000000,0.000000,TRUE,FALSE,FALSE,FALSE,FALSE,FALSE,Disabled,0.000000,0.000000,0.000000,TRUE,1.530258,-0.866531,0.000000,0.000000,-0.000732,0.000000,0.038000,-0.005000,-0.090000,-0.040000,-0.400000,-0.860000,0.059684,Hold,0.947998,0.000000,Hold,-153.000000,2.000000,Suck,-1740.000000,1818.181818,Speed,-1695.000000,1818.181818,Speed,Off,On,0.000000,FALSE,0,,,,,0.000000,0.000000
02:35:30.968 PM 04/02/2016,Teleop Enabled,10,TRUE,-44087,NetComm_CAN_Receive.vi:5470001<APPEND>  <b>Complete call chain:</b>      NetComm_CAN_Receive.vi:5470001      WPI_CAN_PDPReceive.vi      WPI_Power Get PDP Currents.vi      Periodic Tasks.vi      Robot Main.vi,-0.000000,0.000000,-0.000000,0.000000,TRUE,FALSE,FALSE,FALSE,FALSE,FALSE,Disabled,0.000000,0.000000,0.000000,TRUE,1.529556,-0.866547,0.000000,-0.002563,0.010757,0.000000,-0.118000,-0.025000,0.022000,-0.040000,-0.440000,-0.820000,0.057863,Hold,0.947998,0.000000,Hold,-153.000000,2.000000,Suck,-1747.500000,1818.181818,Speed,-1687.500000,1818.181818,Speed,Off,On,0.000000,FALSE,0,,,,,0.000000,0.000000
02:35:31.071 PM 04/02/2016,Teleop Enabled,11,TRUE,-44087,NetComm_CAN_Receive.vi:5470001<APPEND>  <b>Complete call chain:</b>      NetComm_CAN_Receive.vi:5470001      WPI_CAN_PDPReceive.vi      WPI_Power Get PDP Currents.vi      Periodic Tasks.vi      Robot Main.vi,-0.000000,0.000000,-0.000000,0.000000,TRUE,FALSE,FALSE,FALSE,FALSE,FALSE,Disabled,0.000000,0.000000,0.000000,TRUE,1.529694,-0.865692,0.000000,0.004471,0.019363,0.000000,-0.118000,-0.025000,0.022000,-0.040000,-0.400000,-0.820000,0.062968,Hold,0.947998,0.000000,Hold,-153.000000,2.000000,Suck,-1747.500000,1818.181818,Speed,-1710.000000,1818.181818,Speed,Off,On,0.000000,FALSE,0,,,,,0.000000,0.000000
02:35:31.171 PM 04/02/2016,Teleop Enabled,9,TRUE,-44087,NetComm_CAN_Receive.vi:5470001<APPEND>  <b>Complete call chain:</b>      NetComm_CAN_Receive.vi:5470001      WPI_CAN_PDPReceive.vi      WPI_Power Get PDP Currents.vi      Periodic Tasks.vi      Robot Main.vi,-0.000000,0.000000,-0.000000,0.000000,TRUE,FALSE,FALSE,FALSE,FALSE,FALSE,Disabled,0.000000,0.000000,0.000000,TRUE,1.528809,-0.864288,0.000000,-0.008072,0.000000,0.000000,-0.092000,0.023000,0.084000,-0.050000,-0.430000,-0.810000,0.066799,Hold,0.947998,0.000000,Hold,-153.000000,2.000000,Suck,-1747.500000,1818.181818,Speed,-1725.000000,1818.181818,Speed,Off,On,0.000000,FALSE,0,,,,,0.000000,0.000000
02:35:31.271 PM 04/02/2016,Teleop Enabled,9,TRUE,-44087,NetComm_CAN_Receive.vi:5470001<APPEND>  <b>Complete call chain:</b>      NetComm_CAN_Receive.vi:5470001      WPI_CAN_PDPReceive.vi      WPI_Power Get PDP Currents.vi      Periodic Tasks.vi      Robot Main.vi,-0.000000,0.000000,-0.000000,0.000000,TRUE,FALSE,FALSE,FALSE,FALSE,FALSE,Disabled,0.000000,0.000000,0.000000,TRUE,1.527328,-0.865738,0.000000,-0.064575,-0.031601,0.000000,-0.003000,0.077000,0.059000,-0.040000,-0.400000,-0.820000,0.071457,Hold,0.947998,0.000000,Hold,-153.000000,2.000000,Suck,-1762.500000,1818.181818,Speed,-1687.500000,1818.181818,Speed,Off,On,0.000000,FALSE,0,,,,,0.000000,0.000000
02:35:31.371 PM 04/02/2016,Teleop Enabled,8,TRUE,-44087,NetComm_CAN_Receive.vi:5470001<APPEND>  <b>Complete call chain:</b>      NetComm_CAN_Receive.vi:5470001      WPI_CAN_PDPReceive.vi      WPI_Power Get PDP Currents.vi      Periodic Tasks.vi      Robot Main.vi,-0.000000,0.000000,-0.000000,0.000000,TRUE,FALSE,FALSE,FALSE,FALSE,FALSE,Disabled,0.000000,0.000000,0.000000,TRUE,1.524750,-0.866379,0.000000,-0.066422,-0.011932,0.000000,-0.003000,0.077000,0.059000,-0.040000,-0.400000,-0.820000,0.069760,Hold,0.947998,0.000000,Hold,-153.000000,2.000000,Suck,-1755.000000,1818.181818,Speed,-1672.500000,1818.181818,Speed,Off,On,0.000000,FALSE,0,,,,,0.000000,0.000000
02:35:31.472 PM 04/02/2016,Teleop Enabled,10,TRUE,-44087,NetComm_CAN_Receive.vi:5470001<APPEND>  <b>Complete call chain:</b>      NetComm_CAN_Receive.vi:5470001      WPI_CAN_PDPReceive.vi      WPI_Power Get PDP Currents.vi      Periodic Tasks.vi      Robot Main.vi,-0.000000,0.000000,-0.000000,0.000000,TRUE,FALSE,FALSE,FALSE,FALSE,FALSE,Disabled,0.000000,0.000000,0.000000,TRUE,1.519409,-0.868179,0.000000,-0.112930,-0.043747,0.000000,-0.065000,-0.008000,0.004000,-0.040000,-0.430000,-0.820000,0.065897,Hold,0.947998,0.000000,Hold,-153.000000,2.000000,Suck,-1747.500000,1818.181818,Speed,-1687.500000,1818.181818,Speed,Off,On,0.000000,FALSE,0,,,,,0.000000,0.000000
02:35:31.572 PM 04/02/2016,Teleop Enabled,9,TRUE,-44087,NetComm_CAN_Receive.vi:5470001<APPEND>  <b>Complete call chain:</b>      NetComm_CAN_Receive.vi:5470001      WPI_CAN_PDPReceive.vi      WPI_Power Get PDP Currents.vi      Periodic Tasks.vi      Robot Main.vi,-0.000000,0.000000,-0.000000,0.000000,TRUE,FALSE,FALSE,FALSE,FALSE,FALSE,Disabled,0.000000,0.000000,0.000000,TRUE,1.515259,-0.869873,0.000000,-0.093872,-0.036621,0.000000,0.158000,0.032000,0.099000,-0.040000,-0.420000,-0.830000,0.072869,Hold,0.947998,0.000000,Hold,-153.000000,2.000000,Suck,-1747.500000,1818.181818,Speed,-1717.500000,1818.181818,Speed,Off,On,0.000000,FALSE,0,,,,,0.000000,0.000000
02:35:31.673 PM 04/02/2016,Teleop Enabled,9,TRUE,-44087,NetComm_CAN_Receive.vi:5470001<APPEND>  <b>Complete call chain:</b>      NetComm_CAN_Receive.vi:5470001      WPI_CAN_PDPReceive.vi      WPI_Power Get PDP Currents.vi      Periodic Tasks.vi      Robot Main.vi,-0.000000,0.000000,-0.000000,0.000000,TRUE,FALSE,FALSE,FALSE,FALSE,FALSE,Disabled,0.000000,0.000000,0.000000,TRUE,1.512115,-0.870682,0.000000,-0.039276,-0.008255,0.000000,-0.037000,-0.035000,-0.004000,-0.040000,-0.390000,-0.830000,0.054458,Hold,0.947998,0.000000,Hold,-153.000000,2.000000,Suck,-1747.500000,1818.181818,Speed,-1717.500000,1818.181818,Speed,Off,On,0.000000,FALSE,0,,,,,0.000000,0.000000
02:35:31.774 PM 04/02/2016,Teleop Enabled,9,TRUE,-44087,NetComm_CAN_Receive.vi:5470001<APPEND>  <b>Complete call chain:</b>      NetComm_CAN_Receive.vi:5470001      WPI_CAN_PDPReceive.vi      WPI_Power Get PDP Currents.vi      Periodic Tasks.vi      Robot Main.vi,-0.000000,0.000000,-0.000000,0.000000,TRUE,FALSE,FALSE,FALSE,FALSE,FALSE,Disabled,0.000000,0.000000,0.000000,TRUE,1.510666,-0.871460,0.000000,-0.033173,-0.022430,0.000000,-0.081000,-0.017000,-0.010000,-0.040000,-0.400000,-0.830000,0.043421,Hold,0.947998,0.000000,Hold,-153.000000,2.000000,Suck,-1755.000000,1818.181818,Speed,-1702.500000,1818.181818,Speed,Off,On,0.000000,FALSE,0,,,,,0.000000,0.000000
02:35:31.875 PM 04/02/2016,Teleop Enabled,9,TRUE,-44087,NetComm_CAN_Receive.vi:5470001<APPEND>  <b>Complete call chain:</b>      NetComm_CAN_Receive.vi:5470001      WPI_CAN_PDPReceive.vi      WPI_Power Get PDP Currents.vi      Periodic Tasks.vi      Robot Main.vi,-0.000000,0.000000,-0.000000,0.000000,TRUE,FALSE,FALSE,FALSE,FALSE,FALSE,Disabled,0.000000,0.000000,0.000000,TRUE,1.507767,-0.871292,0.000000,-0.035294,0.007629,0.000000,-0.081000,-0.017000,-0.010000,-0.040000,-0.400000,-0.860000,0.037100,Hold,0.947998,0.000000,Hold,-153.000000,2.000000,Suck,-1762.500000,1818.181818,Speed,-1695.000000,1818.181818,Speed,Off,On,0.000000,FALSE,0,,,,,0.000000,0.000000
02:35:31.977 PM 04/02/2016,Teleop Enabled,9,TRUE,-44087,NetComm_CAN_Receive.vi:5470001<APPEND>  <b>Complete call chain:</b>      NetComm_CAN_Receive.vi:5470001      WPI_CAN_PDPReceive.vi      WPI_Power Get PDP Currents.vi      Periodic Tasks.vi      Robot Main.vi,-0.000000,0.000000,-0.000000,0.000000,TRUE,FALSE,FALSE,FALSE,FALSE,FALSE,Disabled,0.000000,0.000000,0.000000,TRUE,1.505234,-0.871750,0.000000,-0.062119,-0.018021,0.000000,-0.003000,-0.023000,-0.022000,-0.040000,-0.400000,-0.860000,0.039534,Hold,0.947998,0.000000,Hold,-153.000000,2.000000,Suck,-1755.000000,1818.181818,Speed,-1710.000000,1818.181818,Speed,Off,On,0.000000,FALSE,0,,,,,0.000000,0.000000
02:35:32.079 PM 04/02/2016,Teleop Enabled,9,TRUE,-44087,NetComm_CAN_Receive.vi:5470001<APPEND>  <b>Complete call chain:</b>      NetComm_CAN_Receive.vi:5470001      WPI_CAN_PDPReceive.vi      WPI_Power Get PDP Currents.vi      Periodic Tasks.vi      Robot Main.vi,-0.000000,0.000000,-0.000000,0.000000,TRUE,FALSE,FALSE,FALSE,FALSE,FALSE,Disabled,0.000000,0.000000,0.000000,TRUE,1.501007,-0.873062,0.000000,-0.070145,-0.012405,0.000000,-0.112000,-0.012000,-0.126000,-0.040000,-0.360000,-0.910000,0.044764,Hold,0.947998,0.000000,Hold,-153.000000,2.000000,Suck,-1755.000000,1818.181818,Speed,-1710.000000,1818.181818,Speed,Off,On,0.000000,FALSE,0,,,,,0.000000,0.000000
02:35:32.180 PM 04/02/2016,Teleop Enabled,9,TRUE,-44087,NetComm_CAN_Receive.vi:5470001<APPEND>  <b>Complete call chain:</b>      NetComm_CAN_Receive.vi:5470001      WPI_CAN_PDPReceive.vi      WPI_Power Get PDP Currents.vi      Periodic Tasks.vi      Robot Main.vi,-0.000000,0.000000,-0.000000,0.000000,TRUE,FALSE,FALSE,FALSE,FALSE,FALSE,Disabled,0.000000,0.000000,0.000000,TRUE,1.497803,-0.873199,0.000000,-0.076202,-0.000839,0.000000,0.094000,0.004000,0.001000,-0.040000,-0.360000,-0.910000,0.035317,Hold,0.947998,0.000000,Hold,-153.000000,2.000000,Suck,-1755.000000,1818.181818,Speed,-1695.000000,1818.181818,Speed,Off,On,0.000000,FALSE,0,,,,,0.000000,0.000000
02:35:32.284 PM 04/02/2016,Teleop Enabled,9,TRUE,-44087,NetComm_CAN_Receive.vi:5470001<APPEND>  <b>Complete call chain:</b>      NetComm_CAN_Receive.vi:5470001      WPI_CAN_PDPReceive.vi      WPI_Power Get PDP Currents.vi      Periodic Tasks.vi      Robot Main.vi,-0.000000,0.000000,-0.000000,0.000000,TRUE,FALSE,FALSE,FALSE,FALSE,FALSE,Disabled,0.000000,0.000000,0.000000,TRUE,1.495316,-0.872696,0.000000,-0.057831,0.000000,0.000000,0.045000,0.045000,0.074000,-0.040000,-0.360000,-0.900000,0.036150,Hold,0.947998,0.000000,Hold,-153.000000,2.000000,Suck,-1762.500000,1818.181818,Speed,-1687.500000,1818.181818,Speed,Off,On,0.000000,FALSE,0,,,,,0.000000,0.000000
02:35:32.384 PM 04/02/2016,Teleop Enabled,11,TRUE,-44087,NetComm_CAN_Receive.vi:5470001<APPEND>  <b>Complete call chain:</b>      NetComm_CAN_Receive.vi:5470001      WPI_CAN_PDPReceive.vi      WPI_Power Get PDP Currents.vi      Periodic Tasks.vi      Robot Main.vi,-0.000000,0.000000,-0.000000,0.000000,TRUE,FALSE,FALSE,FALSE,FALSE,FALSE,Disabled,0.000000,0.000000,0.000000,TRUE,1.493088,-0.872253,0.000000,-0.066025,0.007843,0.000000,0.082000,-0.018000,-0.027000,-0.040000,-0.360000,-0.870000,0.036171,Hold,0.947998,0.000000,Hold,-153.000000,2.000000,Suck,-1755.000000,1818.181818,Speed,-1702.500000,1818.181818,Speed,Off,On,0.000000,FALSE,0,,,,,0.000000,0.000000
02:35:32.484 PM 04/02/2016,Teleop Enabled,13,TRUE,-44087,NetComm_CAN_Receive.vi:5470001<APPEND>  <b>Complete call chain:</b>      NetComm_CAN_Receive.vi:5470001      WPI_CAN_PDPReceive.vi      WPI_Power Get PDP Currents.vi      Periodic Tasks.vi      Robot Main.vi,-0.000000,0.000000,-0.000000,0.000000,TRUE,FALSE,FALSE,FALSE,FALSE,FALSE,Disabled,0.000000,0.000000,0.000000,TRUE,1.490448,-0.871307,0.000000,-0.038284,0.015427,0.000000,0.025000,-0.023000,-0.077000,-0.040000,-0.420000,-0.810000,0.041934,Hold,0.947998,0.000000,Hold,-153.000000,2.000000,Suck,-1755.000000,1818.181818,Speed,-1725.000000,1818.181818,Speed,Off,On,0.000000,FALSE,0,,,,,0.000000,0.000000
02:35:32.584 PM 04/02/2016,Teleop Enabled,10,TRUE,-44087,NetComm_CAN_Receive.vi:5470001<APPEND>  <b>Complete call chain:</b>      NetComm_CAN_Receive.vi:5470001      WPI_CAN_PDPReceive.vi      WPI_Power Get PDP Currents.vi      Periodic Tasks.vi      Robot Main.vi,-0.000000,0.000000,-0.000000,0.000000,TRUE,FALSE,FALSE,FALSE,FALSE,FALSE,Disabled,0.000000,0.000000,0.000000,TRUE,1.490448,-0.871307,0.000000,-0.038284,0.015427,0.000000,0.020000,-0.044000,-0.030000,-0.040000,-0.410000,-0.810000,0.040512,Hold,0.947998,0.000000,Hold,-153.000000,2.000000,Suck,-1762.500000,1818.181818,Speed,-1747.500000,1818.181818,Speed,Off,On,0.000000,FALSE,0,,,,,0.000000,0.000000
02:35:32.686 PM 04/02/2016,Teleop Enabled,11,TRUE,-44087,NetComm_CAN_Receive.vi:5470001<APPEND>  <b>Complete call chain:</b>      NetComm_CAN_Receive.vi:5470001      WPI_CAN_PDPReceive.vi      WPI_Power Get PDP Currents.vi      Periodic Tasks.vi      Robot Main.vi,-0.000000,0.000000,-0.000000,0.000000,TRUE,FALSE,FALSE,FALSE,FALSE,FALSE,Disabled,0.000000,0.000000,0.000000,TRUE,1.487915,-0.870773,0.000000,-0.042526,0.006546,0.000000,0.134000,0.020000,0.050000,-0.040000,-0.420000,-0.800000,0.036746,Hold,0.947998,0.000000,Hold,-153.000000,2.000000,Suck,-1762.500000,1818.181818,Speed,-1740.000000,1818.181818,Speed,Off,On,0.000000,FALSE,0,,,,,0.000000,0.000000
02:35:32.786 PM 04/02/2016,Teleop Enabled,11,TRUE,-44087,NetComm_CAN_Receive.vi:5470001<APPEND>  <b>Complete call chain:</b>      NetComm_CAN_Receive.vi:5470001      WPI_CAN_PDPReceive.vi      WPI_Power Get PDP Currents.vi      Periodic Tasks.vi      Robot Main.vi,-0.000000,0.000000,-0.000000,0.000000,TRUE,FALSE,FALSE,FALSE,FALSE,FALSE,Disabled,0.000000,0.000000,0.000000,TRUE,1.485825,-0.870041,0.000000,-0.019363,0.020844,0.000000,-0.074000,0.024000,-0.052000,-0.040000,-0.390000,-0.780000,0.029100,Hold,0.947998,0.000000,Hold,-153.000000,2.000000,Suck,-1762.500000,1818.181818,Speed,-1702.500000,1818.181818,Speed,Off,On,0.000000,FALSE,0,,,,,0.000000,0.000000
02:35:32.887 PM 04/02/2016,Teleop Enabled,11,TRUE,-44087,NetComm_CAN_Receive.vi:5470001<APPEND>  <b>Complete call chain:</b>      NetComm_CAN_Receive.vi:5470001      WPI_CAN_PDPReceive.vi      WPI_Power Get PDP Currents.vi      Periodic Tasks.vi      Robot Main.vi,-0.000000,0.000000,-0.000000,0.000000,TRUE,FALSE,FALSE,FALSE,FALSE,FALSE,Disabled,0.000000,0.000000,0.000000,TRUE,1.484634,-0.869659,0.000000,-0.012817,0.000000,0.000000,0.092000,0.012000,0.001000,-0.040000,-0.450000,-0.730000,0.018931,Hold,0.947998,0.000000,Hold,-153.000000,2.000000,Suck,-1762.500000,1818.181818,Speed,-1680.000000,1818.181818,Speed,Off,On,0.000000,FALSE,0,,,,,0.000000,0.000000
02:35:32.987 PM 04/02/2016,Teleop Enabled,12,TRUE,-44087,NetComm_CAN_Receive.vi:5470001<APPEND>  <b>Complete call chain:</b>      NetComm_CAN_Receive.vi:5470001      WPI_CAN_PDPReceive.vi      WPI_Power Get PDP Currents.vi      Periodic Tasks.vi      Robot Main.vi,-0.000000,0.000000,-0.000000,0.000000,TRUE,FALSE,FALSE,FALSE,FALSE,FALSE,Disabled,0.000000,0.000000,0.000000,TRUE,1.483963,-0.869507,0.000000,-0.027313,0.000000,0.000000,-0.026000,0.001000,0.012000,-0.040000,-0.430000,-0.740000,0.025162,Hold,0.947998,0.000000,Hold,-153.000000,2.000000,Suck,-1762.500000,1818.181818,Speed,-1702.500000,1818.181818,Speed,Off,On,0.000000,FALSE,0,,,,,0.000000,0.000000
02:35:33.088 PM 04/02/2016,Teleop Enabled,11,TRUE,-44087,NetComm_CAN_Receive.vi:5470001<APPEND>  <b>Complete call chain:</b>      NetComm_CAN_Receive.vi:5470001      WPI_CAN_PDPReceive.vi      WPI_Power Get PDP Currents.vi      Periodic Tasks.vi      Robot Main.vi,-0.000000,0.000000,-0.000000,0.000000,TRUE,FALSE,FALSE,FALSE,FALSE,FALSE,Disabled,0.000000,0.000000,0.000000,TRUE,1.483963,-0.869507,0.000000,-0.027313,0.000000,0.000000,-0.026000,0.001000,0.012000,-0.040000,-0.410000,-0.700000,0.040040,Hold,0.947998,0.000000,Hold,-153.000000,2.000000,Suck,-1762.500000,1818.181818,Speed,-1725.000000,1818.181818,Speed,Off,On,0.000000,FALSE,0,,,,,0.000000,0.000000
02:35:33.190 PM 04/02/2016,Teleop Enabled,11,TRUE,-44087,NetComm_CAN_Receive.vi:5470001<APPEND>  <b>Complete call chain:</b>      NetComm_CAN_Receive.vi:5470001      WPI_CAN_PDPReceive.vi      WPI_Power Get PDP Currents.vi      Periodic Tasks.vi      Robot Main.vi,-0.000000,0.000000,-0.000000,0.000000,TRUE,FALSE,FALSE,FALSE,FALSE,FALSE,Disabled,0.000000,0.000000,0.000000,TRUE,1.482254,-0.867630,0.000000,0.006378,0.008682,0.000000,-0.069000,-0.027000,0.018000,-0.050000,-0.440000,-0.690000,0.033710,Hold,0.947998,0.000000,Hold,-153.000000,2.000000,Suck,-1755.000000,1818.181818,Speed,-1740.000000,1818.181818,Speed,Off,On,0.000000,FALSE,0,,,,,0.000000,0.000000
02:35:33.291 PM 04/02/2016,Teleop Enabled,9,TRUE,-44087,NetComm_CAN_Receive.vi:5470001<APPEND>  <b>Complete call chain:</b>      NetComm_CAN_Receive.vi:5470001      WPI_CAN_PDPReceive.vi      WPI_Power Get PDP Currents.vi      Periodic Tasks.vi      Robot Main.vi,-0.000000,0.000000,-0.000000,0.000000,TRUE,FALSE,FALSE,FALSE,FALSE,FALSE,Disabled,0.000000,0.000000,0.000000,TRUE,1.482254,-0.867630,0.000000,0.006378,0.008682,0.000000,-0.001000,0.042000,-0.032000,-0.040000,-0.420000,-0.730000,0.036560,Hold,0.947998,0.000000,Hold,-153.000000,2.000000,Suck,-1755.000000,1818.181818,Speed,-1725.000000,1818.181818,Speed,Off,On,0.000000,FALSE,0,,,,,0.000000,0.000000
02:35:33.392 PM 04/02/2016,Teleop Enabled,9,TRUE,-44087,NetComm_CAN_Receive.vi:5470001<APPEND>  <b>Complete call chain:</b>      NetComm_CAN_Receive.vi:5470001      WPI_CAN_PDPReceive.vi      WPI_Power Get PDP Currents.vi      Periodic Tasks.vi      Robot Main.vi,-0.000000,0.000000,-0.000000,0.000000,TRUE,FALSE,FALSE,FALSE,FALSE,FALSE,Disabled,0.000000,0.000000,0.000000,TRUE,1.482086,-0.867355,0.000000,0.011322,0.009399,0.000000,-0.027000,-0.022000,-0.100000,-0.040000,-0.420000,-0.750000,0.043039,Hold,0.947998,0.000000,Hold,-153.000000,2.000000,Suck,-1755.000000,1818.181818,Speed,-1717.500000,1818.181818,Speed,Off,On,0.000000,FALSE,0,,,,,0.000000,0.000000
02:35:33.491 PM 04/02/2016,Teleop Enabled,11,TRUE,-44087,NetComm_CAN_Receive.vi:5470001<APPEND>  <b>Complete call chain:</b>      NetComm_CAN_Receive.vi:5470001      WPI_CAN_PDPReceive.vi      WPI_Power Get PDP Currents.vi      Periodic Tasks.vi      Robot Main.vi,-0.000000,0.000000,-0.000000,0.000000,TRUE,FALSE,FALSE,FALSE,FALSE,FALSE,Disabled,0.000000,0.000000,0.000000,TRUE,1.482422,-0.866409,0.000000,0.011505,0.023926,0.000000,-0.020000,-0.044000,0.040000,-0.040000,-0.440000,-0.780000,0.057904,Hold,0.947998,0.000000,Hold,-153.000000,2.000000,Suck,-1755.000000,1818.181818,Speed,-1695.000000,1818.181818,Speed,Off,On,0.000000,FALSE,0,,,,,0.000000,0.000000
02:35:33.593 PM 04/02/2016,Teleop Enabled,9,TRUE,-44087,NetComm_CAN_Receive.vi:5470001<APPEND>  <b>Complete call chain:</b>      NetComm_CAN_Receive.vi:5470001      WPI_CAN_PDPReceive.vi      WPI_Power Get PDP Currents.vi      Periodic Tasks.vi      Robot Main.vi,-0.000000,0.000000,-0.000000,0.000000,TRUE,FALSE,FALSE,FALSE,FALSE,FALSE,Disabled,0.000000,0.000000,0.000000,TRUE,1.482193,-0.866714,0.000000,-0.003220,-0.007141,0.000000,-0.010000,0.056000,0.013000,-0.040000,-0.420000,-0.830000,0.045252,Hold,0.947998,0.000000,Hold,-153.000000,2.000000,Suck,-1755.000000,1818.181818,Speed,-1710.000000,1818.181818,Speed,Off,On,0.000000,FALSE,0,,,,,0.000000,0.000000
02:35:33.694 PM 04/02/2016,Teleop Enabled,9,TRUE,-44087,NetComm_CAN_Receive.vi:5470001<APPEND>  <b>Complete call chain:</b>      NetComm_CAN_Receive.vi:5470001      WPI_CAN_PDPReceive.vi      WPI_Power Get PDP Currents.vi      Periodic Tasks.vi      Robot Main.vi,-0.000000,0.000000,-0.000000,0.000000,TRUE,FALSE,FALSE,FALSE,FALSE,FALSE,Disabled,0.000000,0.000000,0.000000,TRUE,1.482803,-0.865768,0.000000,0.024399,0.027100,0.000000,-0.015000,0.001000,-0.114000,-0.050000,-0.360000,-0.870000,0.045252,Hold,0.947998,0.000000,Hold,-153.000000,2.000000,Suck,-1755.000000,1818.181818,Speed,-1695.000000,1818.181818,Speed,Off,On,0.000000,FALSE,0,,,,,0.000000,0.000000
02:35:33.800 PM 04/02/2016,Teleop Enabled,9,TRUE,-44087,NetComm_CAN_Receive.vi:5470001<APPEND>  <b>Complete call chain:</b>      NetComm_CAN_Receive.vi:5470001      WPI_CAN_PDPReceive.vi      WPI_Power Get PDP Currents.vi      Periodic Tasks.vi      Robot Main.vi,-0.000000,0.000000,-0.000000,0.000000,TRUE,FALSE,FALSE,FALSE,FALSE,FALSE,Disabled,0.000000,0.000000,0.000000,TRUE,1.483887,-0.865967,0.000000,0.010254,-0.016220,0.000000,0.028000,0.092000,0.041000,-0.040000,-0.350000,-0.860000,0.068762,Hold,0.947998,0.000000,Hold,-153.000000,2.000000,Suck,-1762.500000,1818.181818,Speed,-1687.500000,1818.181818,Speed,Off,On,0.000000,FALSE,0,,,,,0.000000,0.000000
02:35:33.902 PM 04/02/2016,Teleop Enabled,9,TRUE,-44087,NetComm_CAN_Receive.vi:5470001<APPEND>  <b>Complete call chain:</b>      NetComm_CAN_Receive.vi:5470001      WPI_CAN_PDPReceive.vi      WPI_Power Get PDP Currents.vi      Periodic Tasks.vi      Robot Main.vi,-0.000000,0.000000,-0.000000,0.000000,TRUE,FALSE,FALSE,FALSE,FALSE,FALSE,Disabled,0.000000,0.000000,0.000000,TRUE,1.485352,-0.866287,0.000000,0.023239,0.000000,0.000000,0.005000,0.042000,-0.031000,-0.050000,-0.340000,-0.890000,0.072845,Hold,0.947998,0.000000,Hold,-153.000000,2.000000,Suck,-1755.000000,1818.181818,Speed,-1710.000000,1818.181818,Speed,Off,On,0.000000,FALSE,0,,,,,0.000000,0.000000
02:35:34.003 PM 04/02/2016,Teleop Enabled,4,TRUE,-44087,NetComm_CAN_Receive.vi:5470001<APPEND>  <b>Complete call chain:</b>      NetComm_CAN_Receive.vi:5470001      WPI_CAN_PDPReceive.vi      WPI_Power Get PDP Currents.vi      Periodic Tasks.vi      Robot Main.vi,-0.000000,0.000000,-0.000000,0.000000,TRUE,FALSE,FALSE,FALSE,FALSE,FALSE,Disabled,0.000000,0.000000,0.000000,TRUE,1.486099,-0.865967,0.000000,0.001083,0.000000,0.000000,0.003000,0.103000,-0.031000,-0.050000,-0.340000,-0.910000,0.069123,Hold,0.947998,0.000000,Hold,-153.000000,2.000000,Suck,-1747.500000,1818.181818,Speed,-1732.500000,1818.181818,Speed,Off,On,0.000000,FALSE,0,,,,,0.000000,0.000000
02:35:34.103 PM 04/02/2016,Teleop Enabled,10,TRUE,-44087,NetComm_CAN_Receive.vi:5470001<APPEND>  <b>Complete call chain:</b>      NetComm_CAN_Receive.vi:5470001      WPI_CAN_PDPReceive.vi      WPI_Power Get PDP Currents.vi      Periodic Tasks.vi      Robot Main.vi,-0.000000,0.000000,-0.000000,0.000000,TRUE,FALSE,FALSE,FALSE,FALSE,FALSE,Disabled,0.000000,0.000000,0.000000,TRUE,1.486099,-0.865967,0.000000,0.001083,0.000000,0.000000,0.020000,0.047000,-0.045000,-0.050000,-0.360000,-0.890000,0.069123,Hold,0.947998,0.000000,Hold,-153.000000,2.000000,Suck,-1747.500000,1818.181818,Speed,-1725.000000,1818.181818,Speed,Off,On,0.000000,FALSE,0,,,,,0.000000,0.000000
02:35:34.203 PM 04/02/2016,Teleop Enabled,11,TRUE,-44087,NetComm_CAN_Receive.vi:5470001<APPEND>  <b>Complete call chain:</b>      NetComm_CAN_Receive.vi:5470001      WPI_CAN_PDPReceive.vi      WPI_Power Get PDP Currents.vi      Periodic Tasks.vi      Robot Main.vi,-0.000000,0.000000,-0.000000,0.000000,TRUE,FALSE,FALSE,FALSE,FALSE,FALSE,Disabled,0.000000,0.000000,0.000000,TRUE,1.486557,-0.866394,0.000000,0.017899,-0.014908,0.000000,0.056000,0.032000,0.043000,-0.050000,-0.380000,-0.880000,0.053814,Hold,0.947998,0.000000,Hold,-153.000000,2.000000,Suck,-1747.500000,1818.181818,Speed,-1717.500000,1818.181818,Speed,Off,On,0.000000,FALSE,0,,,,,0.000000,0.000000
02:35:34.304 PM 04/02/2016,Teleop Enabled,11,TRUE,-44087,NetComm_CAN_Receive.vi:5470001<APPEND>  <b>Complete call chain:</b>      NetComm_CAN_Receive.vi:5470001      WPI_CAN_PDPReceive.vi      WPI_Power Get PDP Currents.vi      Periodic Tasks.vi      Robot Main.vi,-0.000000,0.000000,-0.000000,0.000000,TRUE,FALSE,FALSE,FALSE,FALSE,FALSE,Disabled,0.000000,0.000000,0.000000,TRUE,1.488052,-0.866608,0.000000,0.041260,0.006317,0.000000,0.060000,0.013000,0.026000,-0.040000,-0.360000,-0.890000,0.062985,Hold,0.947998,0.000000,Hold,-153.000000,2.000000,Suck,-1755.000000,1818.181818,Speed,-1710.000000,1818.181818,Speed,Off,On,0.000000,FALSE,0,,,,,0.000000,0.000000
02:35:34.404 PM 04/02/2016,Teleop Enabled,11,TRUE,-44087,NetComm_CAN_Receive.vi:5470001<APPEND>  <b>Complete call chain:</b>      NetComm_CAN_Receive.vi:5470001      WPI_CAN_PDPReceive.vi      WPI_Power Get PDP Currents.vi      Periodic Tasks.vi      Robot Main.vi,-0.000000,0.000000,-0.000000,0.000000,TRUE,FALSE,FALSE,FALSE,FALSE,FALSE,Disabled,0.000000,0.000000,0.000000,TRUE,1.490326,-0.866074,0.000000,0.045654,0.019348,0.000000,-0.134000,-0.017000,-0.034000,-0.040000,-0.340000,-0.860000,0.053225,Hold,0.947998,0.000000,Hold,-153.000000,2.000000,Suck,-1747.500000,1818.181818,Speed,-1717.500000,1818.181818,Speed,Off,On,0.000000,FALSE,0,,,,,0.000000,0.000000
02:35:34.505 PM 04/02/2016,Teleop Enabled,12,TRUE,-44087,NetComm_CAN_Receive.vi:5470001<APPEND>  <b>Complete call chain:</b>      NetComm_CAN_Receive.vi:5470001      WPI_CAN_PDPReceive.vi      WPI_Power Get PDP Currents.vi      Periodic Tasks.vi      Robot Main.vi,-0.000000,0.000000,-0.000000,0.000000,TRUE,FALSE,FALSE,FALSE,FALSE,FALSE,Disabled,0.000000,0.000000,0.000000,TRUE,1.490738,-0.865417,0.000000,0.006775,-0.001831,0.000000,0.021000,0.017000,0.062000,-0.040000,-0.350000,-0.910000,0.047074,Hold,0.947998,0.000000,Hold,-153.000000,2.000000,Suck,-1732.500000,1818.181818,Speed,-1717.500000,1818.181818,Speed,Off,On,0.000000,FALSE,0,,,,,0.000000,0.000000
02:35:34.607 PM 04/02/2016,Teleop Enabled,11,TRUE,-44087,NetComm_CAN_Receive.vi:5470001<APPEND>  <b>Complete call chain:</b>      NetComm_CAN_Receive.vi:5470001      WPI_CAN_PDPReceive.vi      WPI_Power Get PDP Currents.vi      Periodic Tasks.vi      Robot Main.vi,-0.000000,0.000000,-0.000000,0.000000,TRUE,FALSE,FALSE,FALSE,FALSE,FALSE,Disabled,0.000000,0.000000,0.000000,TRUE,1.492554,-0.865433,0.000000,0.058426,0.002197,0.000000,-0.039000,0.038000,0.002000,-0.040000,-0.320000,-0.940000,0.039025,Hold,0.947998,0.000000,Hold,-153.000000,2.000000,Suck,-1725.000000,1818.181818,Speed,-1710.000000,1818.181818,Speed,Off,On,0.000000,FALSE,0,,,,,0.000000,0.000000
02:35:34.707 PM 04/02/2016,Teleop Enabled,10,TRUE,-44087,NetComm_CAN_Receive.vi:5470001<APPEND>  <b>Complete call chain:</b>      NetComm_CAN_Receive.vi:5470001      WPI_CAN_PDPReceive.vi      WPI_Power Get PDP Currents.vi      Periodic Tasks.vi      Robot Main.vi,-0.000000,0.000000,-0.000000,0.000000,TRUE,FALSE,FALSE,FALSE,FALSE,FALSE,Disabled,0.000000,0.000000,0.000000,TRUE,1.495621,-0.865067,0.000000,0.059296,0.002655,0.000000,0.038000,0.041000,0.001000,-0.040000,-0.310000,-0.960000,0.019612,Hold,0.947998,0.000000,Hold,-153.000000,2.000000,Suck,-1732.500000,1818.181818,Speed,-1702.500000,1818.181818,Speed,Off,On,0.000000,FALSE,0,,,,,0.000000,0.000000
02:35:34.806 PM 04/02/2016,Teleop Enabled,11,TRUE,-44087,NetComm_CAN_Receive.vi:5470001<APPEND>  <b>Complete call chain:</b>      NetComm_CAN_Receive.vi:5470001      WPI_CAN_PDPReceive.vi      WPI_Power Get PDP Currents.vi      Periodic Tasks.vi      Robot Main.vi,-0.000000,0.000000,-0.000000,0.000000,TRUE,FALSE,FALSE,FALSE,FALSE,FALSE,Disabled,0.000000,0.000000,0.000000,TRUE,1.498566,-0.864487,0.000000,0.052994,0.007965,0.000000,0.061000,-0.030000,0.107000,-0.040000,-0.360000,-0.930000,0.012576,Hold,0.947998,0.000000,Hold,-153.000000,2.000000,Suck,-1732.500000,1818.181818,Speed,-1695.000000,1818.181818,Speed,Off,On,0.000000,FALSE,0,,,,,0.000000,0.000000
02:35:34.906 PM 04/02/2016,Teleop Enabled,11,TRUE,-44087,NetComm_CAN_Receive.vi:5470001<APPEND>  <b>Complete call chain:</b>      NetComm_CAN_Receive.vi:5470001      WPI_CAN_PDPReceive.vi      WPI_Power Get PDP Currents.vi      Periodic Tasks.vi      Robot Main.vi,-0.000000,0.000000,-0.000000,0.000000,TRUE,FALSE,FALSE,FALSE,FALSE,FALSE,Disabled,0.000000,0.000000,0.000000,TRUE,1.502106,-0.864319,0.000000,0.069550,0.016510,0.000000,-0.059000,0.028000,-0.019000,-0.030000,-0.340000,-0.920000,0.008510,Hold,0.947998,0.000000,Hold,-153.000000,2.000000,Suck,-1732.500000,1818.181818,Speed,-1717.500000,1818.181818,Speed,Off,On,0.000000,FALSE,0,,,,,0.000000,0.000000
02:35:35.009 PM 04/02/2016,Teleop Enabled,11,TRUE,-44087,NetComm_CAN_Receive.vi:5470001<APPEND>  <b>Complete call chain:</b>      NetComm_CAN_Receive.vi:5470001      WPI_CAN_PDPReceive.vi      WPI_Power Get PDP Currents.vi      Periodic Tasks.vi      Robot Main.vi,-0.000000,0.000000,-0.000000,0.000000,TRUE,FALSE,FALSE,FALSE,FALSE,FALSE,Disabled,0.000000,0.000000,0.000000,TRUE,1.505280,-0.863998,0.000000,0.070496,-0.003189,0.000000,0.019000,0.050000,-0.013000,-0.030000,-0.330000,-0.930000,0.001615,Hold,0.947998,0.000000,Hold,-153.000000,2.000000,Suck,-1710.000000,1818.181818,Speed,-1717.500000,1818.181818,Speed,Off,On,0.000000,FALSE,0,,,,,0.000000,0.000000
02:35:35.109 PM 04/02/2016,Teleop Enabled,11,TRUE,-44087,NetComm_CAN_Receive.vi:5470001<APPEND>  <b>Complete call chain:</b>      NetComm_CAN_Receive.vi:5470001      WPI_CAN_PDPReceive.vi      WPI_Power Get PDP Currents.vi      Periodic Tasks.vi      Robot Main.vi,-0.000000,0.000000,-0.000000,0.000000,TRUE,FALSE,FALSE,FALSE,FALSE,FALSE,Disabled,0.000000,0.000000,0.000000,TRUE,1.509262,-0.865082,0.000000,0.111053,-0.025513,0.000000,0.094000,0.079000,0.059000,-0.030000,-0.330000,-1.000000,0.005670,Hold,0.947998,0.000000,Hold,-153.000000,2.000000,Suck,-1695.000000,1818.181818,Speed,-1717.500000,1818.181818,Speed,Off,On,0.000000,FALSE,0,,,,,0.000000,0.000000
02:35:35.209 PM 04/02/2016,Teleop Enabled,11,TRUE,-44087,NetComm_CAN_Receive.vi:5470001<APPEND>  <b>Complete call chain:</b>      NetComm_CAN_Receive.vi:5470001      WPI_CAN_PDPReceive.vi      WPI_Power Get PDP Currents.vi      Periodic Tasks.vi      Robot Main.vi,-0.000000,0.000000,-0.000000,0.000000,TRUE,FALSE,FALSE,FALSE,FALSE,FALSE,Disabled,0.000000,0.000000,0.000000,TRUE,1.514771,-0.866470,0.000000,0.137268,-0.027374,0.000000,-0.019000,-0.019000,0.018000,-0.030000,-0.340000,-0.960000,0.001260,Hold,0.947998,0.000000,Hold,-153.000000,2.000000,Suck,-1695.000000,1818.181818,Speed,-1702.500000,1818.181818,Speed,Off,On,0.000000,FALSE,0,,,,,0.000000,0.000000
02:35:35.310 PM 04/02/2016,Teleop Enabled,11,TRUE,-44087,NetComm_CAN_Receive.vi:5470001<APPEND>  <b>Complete call chain:</b>      NetComm_CAN_Receive.vi:5470001      WPI_CAN_PDPReceive.vi      WPI_Power Get PDP Currents.vi      Periodic Tasks.vi      Robot Main.vi,-0.000000,0.000000,-0.000000,0.000000,TRUE,FALSE,FALSE,FALSE,FALSE,FALSE,Disabled,0.000000,0.000000,0.000000,TRUE,1.521301,-0.867691,0.000000,0.131470,-0.018707,0.000000,0.064000,0.034000,0.083000,-0.020000,-0.330000,-0.980000,-0.001184,Hold,0.947998,0.000000,Hold,-153.000000,2.000000,Suck,-1710.000000,1818.181818,Speed,-1710.000000,1818.181818,Speed,Off,On,0.000000,FALSE,0,,,,,0.000000,0.000000
02:35:35.411 PM 04/02/2016,Teleop Enabled,11,TRUE,-44087,NetComm_CAN_Receive.vi:5470001<APPEND>  <b>Complete call chain:</b>      NetComm_CAN_Receive.vi:5470001      WPI_CAN_PDPReceive.vi      WPI_Power Get PDP Currents.vi      Periodic Tasks.vi      Robot Main.vi,-0.000000,0.000000,-0.000000,0.000000,TRUE,FALSE,FALSE,FALSE,FALSE,FALSE,Disabled,0.000000,0.000000,0.000000,TRUE,1.529297,-0.868149,0.000000,0.121216,-0.003433,0.000000,-0.137000,-0.034000,0.002000,-0.030000,-0.300000,-0.940000,-0.001009,Hold,0.947998,0.000000,Hold,-153.000000,2.000000,Suck,-1725.000000,1818.181818,Speed,-1732.500000,1818.181818,Speed,Off,On,0.000000,FALSE,0,,,,,0.000000,0.000000
02:35:35.512 PM 04/02/2016,Teleop Enabled,11,TRUE,-44087,NetComm_CAN_Receive.vi:5470001<APPEND>  <b>Complete call chain:</b>      NetComm_CAN_Receive.vi:5470001      WPI_CAN_PDPReceive.vi      WPI_Power Get PDP Currents.vi      Periodic Tasks.vi      Robot Main.vi,-0.000000,0.000000,-0.000000,0.000000,TRUE,FALSE,FALSE,FALSE,FALSE,FALSE,Disabled,0.000000,0.000000,0.000000,TRUE,1.534958,-0.868515,0.000000,0.110825,-0.002380,0.000000,-0.010000,0.035000,0.040000,-0.030000,-0.280000,-0.980000,-0.007130,Hold,0.947998,0.000000,Hold,-153.000000,2.000000,Suck,-1755.000000,1818.181818,Speed,-1732.500000,1818.181818,Speed,Off,On,0.000000,FALSE,0,,,,,0.000000,0.000000
02:35:35.612 PM 04/02/2016,Teleop Enabled,9,TRUE,-44087,NetComm_CAN_Receive.vi:5470001<APPEND>  <b>Complete call chain:</b>      NetComm_CAN_Receive.vi:5470001      WPI_CAN_PDPReceive.vi      WPI_Power Get PDP Currents.vi      Periodic Tasks.vi      Robot Main.vi,-0.000000,0.000000,-0.000000,0.000000,TRUE,FALSE,FALSE,FALSE,FALSE,FALSE,Disabled,0.000000,0.000000,0.000000,TRUE,1.539749,-0.868134,0.000000,0.114517,0.000000,0.000000,-0.125000,-0.045000,0.007000,-0.020000,-0.270000,-0.990000,-0.011966,Hold,0.947998,0.000000,Hold,-153.000000,2.000000,Suck,-1770.000000,1818.181818,Speed,-1702.500000,1818.181818,Speed,Off,On,0.000000,FALSE,0,,,,,0.000000,0.000000
02:35:35.713 PM 04/02/2016,Teleop Enabled,10,TRUE,-44087,NetComm_CAN_Receive.vi:5470001<APPEND>  <b>Complete call chain:</b>      NetComm_CAN_Receive.vi:5470001      WPI_CAN_PDPReceive.vi      WPI_Power Get PDP Currents.vi      Periodic Tasks.vi      Robot Main.vi,-0.000000,0.000000,-0.000000,0.000000,TRUE,FALSE,FALSE,FALSE,FALSE,FALSE,Disabled,0.000000,0.000000,0.000000,TRUE,1.545227,-0.868332,0.000000,0.127945,-0.009827,0.000000,0.064000,0.054000,0.020000,-0.030000,-0.320000,-0.980000,-0.021399,Hold,0.947998,0.000000,Hold,-153.000000,2.000000,Suck,-1762.500000,1818.181818,Speed,-1702.500000,1818.181818,Speed,Off,On,0.000000,FALSE,0,,,,,0.000000,0.000000
02:35:35.815 PM 04/02/2016,Teleop Enabled,10,TRUE,-44087,NetComm_CAN_Receive.vi:5470001<APPEND>  <b>Complete call chain:</b>      NetComm_CAN_Receive.vi:5470001      WPI_CAN_PDPReceive.vi      WPI_Power Get PDP Currents.vi      Periodic Tasks.vi      Robot Main.vi,-0.000000,0.000000,-0.000000,0.000000,TRUE,FALSE,FALSE,FALSE,FALSE,FALSE,Disabled,0.000000,0.000000,0.000000,TRUE,1.552628,-0.868973,0.000000,0.168900,-0.017227,0.000000,0.122000,0.071000,0.070000,-0.020000,-0.320000,-0.980000,-0.025385,Hold,0.947998,0.000000,Hold,-153.000000,2.000000,Suck,-1755.000000,1818.181818,Speed,-1695.000000,1818.181818,Speed,Off,On,0.000000,FALSE,0,,,,,0.000000,0.000000
02:35:35.916 PM 04/02/2016,Teleop Enabled,10,TRUE,-44087,NetComm_CAN_Receive.vi:5470001<APPEND>  <b>Complete call chain:</b>      NetComm_CAN_Receive.vi:5470001      WPI_CAN_PDPReceive.vi      WPI_Power Get PDP Currents.vi      Periodic Tasks.vi      Robot Main.vi,-0.000000,0.000000,-0.000000,0.000000,TRUE,FALSE,FALSE,FALSE,FALSE,FALSE,Disabled,0.000000,0.000000,0.000000,TRUE,1.562653,-0.868179,0.000000,0.170380,0.035904,0.000000,0.038000,-0.002000,0.010000,-0.020000,-0.300000,-0.960000,-0.037737,Hold,0.947998,0.000000,Hold,-153.000000,2.000000,Suck,-1747.500000,1818.181818,Speed,-1695.000000,1818.181818,Speed,Off,On,0.000000,FALSE,0,,,,,0.000000,0.000000
02:35:36.018 PM 04/02/2016,Teleop Enabled,9,TRUE,-44087,NetComm_CAN_Receive.vi:5470001<APPEND>  <b>Complete call chain:</b>      NetComm_CAN_Receive.vi:5470001      WPI_CAN_PDPReceive.vi      WPI_Power Get PDP Currents.vi      Periodic Tasks.vi      Robot Main.vi,-0.000000,0.000000,-0.000000,0.000000,TRUE,FALSE,FALSE,FALSE,FALSE,FALSE,Disabled,0.000000,0.000000,0.000000,TRUE,1.571091,-0.868729,0.000000,0.157181,-0.018524,0.000000,0.009000,-0.056000,-0.007000,-0.020000,-0.300000,-1.010000,-0.053477,Hold,0.947998,0.000000,Hold,-153.000000,2.000000,Suck,-1747.500000,1818.181818,Speed,-1717.500000,1818.181818,Speed,Off,On,0.000000,FALSE,0,,,,,0.000000,0.000000
02:35:36.117 PM 04/02/2016,Teleop Enabled,9,TRUE,-44087,NetComm_CAN_Receive.vi:5470001<APPEND>  <b>Complete call chain:</b>      NetComm_CAN_Receive.vi:5470001      WPI_CAN_PDPReceive.vi      WPI_Power Get PDP Currents.vi      Periodic Tasks.vi      Robot Main.vi,-0.000000,0.000000,-0.000000,0.000000,TRUE,FALSE,FALSE,FALSE,FALSE,FALSE,Disabled,0.000000,0.000000,0.000000,TRUE,1.579468,-0.870239,0.000000,0.177109,-0.030380,0.000000,-0.099000,-0.030000,0.021000,-0.020000,-0.310000,-1.040000,-0.056186,Hold,0.947998,0.000000,Hold,-153.000000,2.000000,Suck,-1755.000000,1818.181818,Speed,-1732.500000,1818.181818,Speed,Off,On,0.000000,FALSE,0,,,,,0.000000,0.000000
02:35:36.218 PM 04/02/2016,Teleop Enabled,9,TRUE,-44087,NetComm_CAN_Receive.vi:5470001<APPEND>  <b>Complete call chain:</b>      NetComm_CAN_Receive.vi:5470001      WPI_CAN_PDPReceive.vi      WPI_Power Get PDP Currents.vi      Periodic Tasks.vi      Robot Main.vi,-0.000000,0.000000,-0.000000,0.000000,TRUE,FALSE,FALSE,FALSE,FALSE,FALSE,Disabled,0.000000,0.000000,0.000000,TRUE,1.587296,-0.871750,0.000000,0.153915,-0.019150,0.000000,0.027000,0.060000,0.015000,-0.020000,-0.330000,-0.990000,-0.056344,Hold,0.947998,0.000000,Hold,-153.000000,2.000000,Suck,-1755.000000,1818.181818,Speed,-1747.500000,1818.181818,Speed,Off,On,0.000000,FALSE,0,,,,,0.000000,0.000000
02:35:36.318 PM 04/02/2016,Teleop Enabled,9,TRUE,-44087,NetComm_CAN_Receive.vi:5470001<APPEND>  <b>Complete call chain:</b>      NetComm_CAN_Receive.vi:5470001      WPI_CAN_PDPReceive.vi      WPI_Power Get PDP Currents.vi      Periodic Tasks.vi      Robot Main.vi,-0.000000,0.000000,-0.000000,0.000000,TRUE,FALSE,FALSE,FALSE,FALSE,FALSE,Disabled,0.000000,0.000000,0.000000,TRUE,1.594513,-0.872787,0.000000,0.138397,-0.025757,0.000000,0.065000,0.037000,0.052000,-0.020000,-0.330000,-1.000000,-0.063481,Hold,0.947998,0.000000,Hold,-153.000000,2.000000,Suck,-1762.500000,1818.181818,Speed,-1747.500000,1818.181818,Speed,Off,On,0.000000,FALSE,0,,,,,0.000000,0.000000
02:35:36.419 PM 04/02/2016,Teleop Enabled,10,TRUE,-44087,NetComm_CAN_Receive.vi:5470001<APPEND>  <b>Complete call chain:</b>      NetComm_CAN_Receive.vi:5470001      WPI_CAN_PDPReceive.vi      WPI_Power Get PDP Currents.vi      Periodic Tasks.vi      Robot Main.vi,-0.000000,0.000000,-0.000000,0.000000,TRUE,FALSE,FALSE,FALSE,FALSE,FALSE,Disabled,0.000000,0.000000,0.000000,TRUE,1.603073,-0.873291,0.000000,0.153488,0.008774,0.000000,-0.034000,-0.031000,0.040000,-0.020000,-0.310000,-0.980000,-0.056386,Hold,0.947998,0.000000,Hold,-153.000000,2.000000,Suck,-1762.500000,1818.181818,Speed,-1740.000000,1818.181818,Speed,Off,On,0.000000,FALSE,0,,,,,0.000000,0.000000
02:35:36.519 PM 04/02/2016,Teleop Enabled,9,TRUE,-44087,NetComm_CAN_Receive.vi:5470001<APPEND>  <b>Complete call chain:</b>      NetComm_CAN_Receive.vi:5470001      WPI_CAN_PDPReceive.vi      WPI_Power Get PDP Currents.vi      Periodic Tasks.vi      Robot Main.vi,-0.000000,0.000000,-0.000000,0.000000,TRUE,FALSE,FALSE,FALSE,FALSE,FALSE,Disabled,0.000000,0.000000,0.000000,TRUE,1.610687,-0.872665,0.000000,0.155685,0.030548,0.000000,-0.143000,-0.015000,0.010000,-0.020000,-0.250000,-0.940000,-0.055532,Hold,0.947998,0.000000,Hold,-153.000000,2.000000,Suck,-1762.500000,1818.181818,Speed,-1732.500000,1818.181818,Speed,Off,On,0.000000,FALSE,0,,,,,0.000000,0.000000
02:35:36.621 PM 04/02/2016,Teleop Enabled,9,TRUE,-44087,NetComm_CAN_Receive.vi:5470001<APPEND>  <b>Complete call chain:</b>      NetComm_CAN_Receive.vi:5470001      WPI_CAN_PDPReceive.vi      WPI_Power Get PDP Currents.vi      Periodic Tasks.vi      Robot Main.vi,-0.000000,0.000000,-0.000000,0.000000,TRUE,FALSE,FALSE,FALSE,FALSE,FALSE,Disabled,0.000000,0.000000,0.000000,TRUE,1.617310,-0.871689,0.000000,0.135742,0.035980,0.000000,-0.099000,-0.037000,0.054000,-0.020000,-0.300000,-0.910000,-0.062204,Hold,0.947998,0.000000,Hold,-153.000000,2.000000,Suck,-1755.000000,1818.181818,Speed,-1710.000000,1818.181818,Speed,Off,On,0.000000,FALSE,0,,,,,0.000000,0.000000